0,1,2,3,4,5,6,7,8,9
4.2449033286670685,9.131427951711354,1.5042624034807617,-0.6509816167246598,4.321305656568806,1.6842805304430317,-1.9993921808984316,0.3287944035814878,3.7333337361439844,-3.0210008207983843
9.053755176144545,0.47530955364335836,-3.198215098702015,0.7044029626085814,0.32446107921852246,0.6487459735182634,0.8487737022438462,-0.2436602107378678,-1.0704845493789135,1.276223994887238
-2.2753740148331536,3.278470970535524,2.816369549845659,-0.2682421577800335,-0.5827212812864091,2.988050057314689,0.13874284960787475,-0.4890812555537731,-0.49898537780126345,0.09575183126871054
-2.5104530304700066,0.7437426355564926,-0.736034311386341,2.5246328197164107,-1.6395801956062463,0.0880515345934044,0.1708512921693257,0.25815197231380843,0.5783471650311514,0.2878794368973406
-2.30284792181652,2.66515504977764,1.1928846667012747,-1.2686021106903624,-3.516421421866351,2.7954255383708446,0.5388282042940955,-0.7525224798736667,0.13284793211220808,1.3894292444731284
4.139947385779474,2.91476360673999,-3.2982215090991764,2.2920282361488424,-0.12443110245496175,0.3718818109672641,1.0646218187385628,0.4477480589975072,0.2942327759128201,0.40707115845282726
2.9956085371081045,4.204475211388855,5.896397879163374,-0.6491993597461868,3.563834568234801,0.5679960638124616,1.0758716242472857,0.3414845213094723,-1.793155829174259,1.496597946074354
-3.211494600053545,-0.3731535209148517,-0.6389756381765261,-0.646424120388495,0.010468085196274927,0.06813190558354786,-0.3151484157225479,-0.721468254320908,0.4400391383551016,-0.13638394521337596
-2.3759282515113744,0.033378794835962164,-0.7787766874515532,0.10624503606520667,-0.04792753868686119,0.8257081402284081,0.14228334535093862,-0.12801664487990141,0.3602555853102683,0.49886088290690966
3.38983725714348,-2.3651023090210823,-1.1628630467867334,-0.6614159838076352,0.5142479107496437,-1.0445288188304414,-0.04759338576678557,-0.4223777299332093,-0.7445933952181336,0.480076271381078
-0.8938812927105779,0.9606838907410823,-0.12752909727365502,1.3910285170538395,0.10402825501780844,0.1350655775416832,0.1568104574937955,-0.13685284988760812,0.10222388210069515,0.43731227511617066
4.330324347245258,-4.037610034135081,-0.19753796647125163,0.26492441868225625,0.6734154050726666,-1.4817906704981083,-0.5902361176828936,-0.6010541354494836,-0.6172481007947115,-0.4312908677609038
3.1861702679625132,1.4723195551473178,-2.6586726685261346,-0.6794659556445015,-1.2308008103342785,-0.6418211516532003,-0.1462684327007603,-0.277574076669483,0.14396812193575723,-0.019472735532272738
-2.6396671804532823,1.462974507499724,0.28785097589565567,0.42405425687562665,-0.8418347738247873,0.913887538717494,0.5612646204454038,-0.31520788358127205,0.9365394577196317,0.9936482211877296
-3.1186668741979147,-1.4388951432929464,-1.0977680335566211,-0.5588194886384282,0.8289977376800388,0.2560306338076254,0.13594078026685877,0.28240385021578407,0.0820761049081976,0.29777286011064297
5.004911440649592,-1.1685621583856647,-2.5957691307964725,0.9809713966254293,0.9568101342955151,0.11407206956718566,0.9661308728509477,1.3467734810992624,-0.5274492236813159,0.24265422785672874
9.210992156308837,1.755760891118452,-0.9886802829830268,-3.645363682251315,-1.456501844110478,1.6464233598993432,2.005337584969818,-0.09286278904037447,-0.4085753835343502,-0.5897066510721081
5.971579078082163,3.4879450287546847,-3.4415864157450913,3.533596148049724,2.139845953841493,0.6721412139226982,0.6493758118490907,0.18037250720715203,0.2777139082314272,-0.7622686650854745
-2.785086744782216,-2.4355225180169824,-0.7675609601047043,0.11763630148990199,1.751349619685765,0.7845146767455026,0.7611027352521756,0.2735223148987859,-0.10351454754217078,0.5297220740000596
-3.2855771029369967,-0.04265623592183918,-0.30103837329080896,0.8297383911779584,-1.0115855226368988,1.3465515157775083,-0.36641587689722566,-0.14887002622682663,0.18095919774320351,0.19848571251180336
-2.05551631990866,-2.42605467459359,-1.2527925046949215,-2.1386887329059925,1.6689021218396882,-0.5588709099694488,-0.1248846900953379,0.2758792167980187,-0.20835655149210464,-0.574700383229087
4.785768296789745,3.1927572878184645,-1.3693034308216447,-1.9811219880674589,-0.05027993678718118,3.063059587124719,-0.9939750015123274,0.0607019769251488,0.3953093969814626,-0.09357278026367273
-0.45020405362395505,0.13015605419778448,-1.064791861213883,0.2852232487108704,0.09050697255529626,-0.7746145228757807,-0.8088441257226537,-1.170149859135241,0.4256411887318108,-0.30359780962630056
-2.1862860534806314,2.048585382295294,2.1910099807553207,1.5678231725698915,-3.003954850351925,-0.8864434114685489,-1.2579074394233045,0.6464521245251356,-0.592347572780998,-1.0675092221842308
1.2751392256406817,0.9607210279183962,0.0016814175321039529,-1.9682604192399815,-0.0993208624572316,0.8802888334917873,-0.15822696569906836,-0.6317572693564106,0.38696716331283837,0.5291616078311316
1.3297981472145055,0.33827380545344643,-3.844805854915009,0.5972460608198554,-0.3503354699551569,1.2005002265988443,0.07093779257929833,0.5449569840614715,0.3251864112965645,-0.18623703960845786
-2.859932463787421,0.3922981013118177,-0.9211824826565453,0.17397131467204396,-1.069374128898735,-0.2763224393114557,0.09547334950787614,-0.9090573897001245,0.07790285305607829,-0.383162873169072
4.938340653224863,-4.125567192931315,-0.3312025517145909,0.1228314917603722,0.06103255282297523,-1.181426768974828,-0.24267479474908846,0.5369781974620633,0.38434004338484157,-0.6073827337723933
-3.590048362241836,0.7730785929276031,-1.0511702234621274,-2.114014282981319,-0.6856917092470259,0.26628701130452337,0.27006756103657015,-0.18020725750303598,0.3145812134710551,0.03885790105862531
-4.31497472945516,-1.8960252129140889,-0.0405572002853756,-1.7608676010635549,1.8033104650458451,0.3803560022971523,0.15054552106427596,0.5405623342302954,-0.20665266686389921,-0.3978416299184654
2.291800685708337,1.8952242728259658,-2.35405089925252,0.26003792698191247,-0.5176184347281741,-0.12664136332808965,0.5530883368220059,-0.6175785099548508,0.5484382792019014,0.15231869111913995
-1.9996822577664104,-0.2321903909078429,0.695606944250295,0.4056824942773217,1.229412000473728,2.2770954641527132,0.2398218754908929,-0.055307996944884634,-0.15973642139386518,0.16729135000410786
3.276824715700316,-1.748959024268223,-1.9123866102212146,2.3678673146567393,0.8794321742500298,-0.8115063057423526,-0.2587625992580166,-0.07077065513028075,0.2524113802723572,-0.30120511991632076
4.774553850987637,-3.0128538258772792,2.7430388139045694,0.0676923710831063,0.25360592137332827,0.8727660932811513,-1.4989941403517166,0.2683285073137411,0.7127047256534248,-0.5897263748997639
-0.35726993353869924,-0.9661055389706035,-2.5609219941308408,0.5763158333036522,0.8993011130736143,0.06305837329635246,0.7193903025307578,0.3217833301421133,-0.10682959041431976,0.44931324985024496
-3.455190788316643,-2.08891770447341,0.3204535334230482,-1.6237221871694696,0.6879626163646126,-0.9791559197744347,0.5537508499097313,0.2751127412399987,-0.18256047916713655,0.3529751285813834
-0.646788864082465,-2.0690006418926163,-1.428516356175186,0.9956073147565422,0.3831898888851747,-0.7523976734714296,-0.10591340912184917,0.0832597473457673,0.4946221333029417,0.06901558016289663
-3.6218775012887034,-1.1968577998355554,1.4839538261162104,-1.4428717852986384,-0.3820549046641117,0.6223781518419753,-0.41783010778405966,0.34424440704924203,0.24294517103110702,-0.5407903267890052
-4.525092748473151,1.4974446645051829,0.0371255846488611,-0.21501908887246396,-0.8312338514346649,0.5688605547875472,0.11012414782553995,0.8663830001328185,0.4829904464461588,-0.11734753751125097
-1.9232931730404925,-0.9398777239006176,-0.10039104782387162,0.19554393003767137,-0.5971714322968381,-0.3186483627597563,-0.4810660579270184,-0.48675957250094953,0.09460340535099752,-0.48661672269809675
-3.99839097510026,-1.2343483460600893,-0.422624774138324,2.6752361127971636,1.0652487947933225,1.2253525688667382,0.6944524111329243,0.3219428234205386,0.8421053828994745,1.1277430631372436
13.031961354637115,0.8101581921297504,0.5788050448691924,-1.3104359892837396,-0.6603540028430664,1.0267687855725656,0.09035445417489164,-0.8360392626440452,0.5571495719375422,-0.9610648246264019
3.8280894819272593,-1.0732760105093218,0.7825476029475331,0.9533600178514999,-0.6793739816360981,-0.5761490242118401,-1.4542800567625145,0.007720077525430616,-0.785121226023261,0.29765771283288817
-5.445469915696986,-0.542774338702257,1.4211139769314585,2.430310980522167,-0.009317269688965419,1.4222695268947914,1.6084281130026739,1.2698878469379,0.3763907528654229,-0.04118935205366906
-2.1790784362452427,-1.7791818904009464,-0.34359623100108033,-0.9812454576470704,0.45845478893939323,-0.2034364926548773,-0.30539558482813406,0.22062286565499664,-0.08103002004128278,0.18246081218754928
-4.6269632231974995,-0.7139301394260352,0.2657161377775899,-0.5105545895659149,0.3999849834657726,0.18025400259625585,0.17120614450387583,-0.01987850408755267,-0.15625538447201723,-0.14374741024790869
-5.4989106536479975,-0.29972233193773845,4.082715156157449,2.6705560918016578,-1.1268824881273285,2.204222478784546,1.4561395464376627,-3.458419638700974,-3.0326994418222064,-2.7249015259052447
-1.9089719909074223,2.5721194451570444,-0.9632390730152478,-0.21831646726118317,1.0875340963040943,0.6157288293199168,0.95580256316905,-0.09896131135579135,0.592718426914229,0.05488093910276611
-3.8269570547624188,0.7714616521769486,0.9576560805103349,-0.6336851361061926,-2.3633148557447603,-0.6638232177677824,0.05691139600079284,1.9206397065494827,-0.20022167791939174,-0.12700138057904556
-0.9906393631023964,0.8492578094455185,2.3670444139989275,-0.12651671865130595,1.2828804954074096,-0.4247724400955917,-0.8635081362428098,0.09022486042138125,0.26762819000056887,-0.6532420562096329
-0.9075887436961833,-2.0502902348255914,1.2654159595199852,3.2792778457039287,-0.8742394067108963,1.4376264481914818,-0.558964375806386,0.7772287973214291,0.5696969888525419,0.16684120874386987
-1.2605585712770415,2.5402003475455563,-0.05693626502203529,-0.8428187952032974,0.3007980728439453,0.2415323074960564,0.5686687827744925,-0.07353293362588441,0.3891411690306554,-0.12711869647321555
-3.2169073695284665,-0.9214695341702623,0.24245095098573843,-0.9876360589323891,-0.6279340974904128,-0.40292514708339655,-0.9262469794338295,0.17519155212737883,0.2462902504015406,-0.3508423564315528
-1.2771499585572699,-1.7403274644971944,0.30035930004288003,2.006131392853561,0.42269146439807975,0.5979815482913682,-0.3410234719762336,-0.46177778022290833,0.33687668477156923,0.7478571155205658
1.1133436110360408,6.94155879899167,4.179162449574144,0.17252562823756715,2.269666673747348,-0.6163543182378262,0.4940972949380901,0.6851715712537825,-1.44122856705271,-0.07487844298708646
2.8579999810163295,3.2907222108599736,-0.9599241339233029,1.4299994718282714,-1.5807666129238174,-0.4877287484094561,0.17098633149945786,0.16358236292500059,-0.16772685143902463,0.9403510239849261
0.9984850577316936,2.3836168065998065,-1.4443076325318644,-1.748808375096037,3.833107021871544,-0.42281596524832715,0.8681941911361061,0.6279167218370358,0.04544984425674087,-0.8872025354353225
-3.0501982949225033,-2.1459857330589083,-0.35098289644700165,-0.31497302433594054,1.5497463927863575,0.2715734675702402,0.5533274115412408,-0.1678668674332594,-0.041437828649871,-0.09412799259840451
-2.2180262333785303,-0.6406478667708793,0.3711060760707026,-0.23606757036885773,2.78116380552921,-0.46438933842791685,-0.08698701960533411,0.013863355821924946,-0.28224177452285015,-0.5325852018493294
2.004776179200287,2.2458160309687223,1.2755909800643357,-1.7362721138522406,-0.2157063993867034,0.1705287255781533,0.2770006737285449,-0.3571451608353596,-0.7983188388433977,0.13821251469558837
-2.7924547624251272,-0.9222379879005844,-0.2964687260675729,-0.43345469578615,0.5619988966511846,1.1446660787763998,-0.3495187004117268,0.03276458504110634,0.3399630124618269,0.1963187154318531
-1.9038441128491148,-1.0905719482762157,0.4156082935343255,1.2810721466143926,-0.13836138991786678,0.010395953154869957,-0.08081114864884988,0.00455255537731932,0.13419186488479293,0.10695437508077951
-0.828944362538846,-3.4485968814848733,0.14098223490507097,1.3415160029065374,0.05477416562576478,-0.5220107000908045,-0.26894699671766814,0.17857433822620006,-0.35273374115922346,0.2753296574593889
-0.383926258890315,-0.5889372221980068,-1.2001352755900478,-1.3474614259203692,1.7337925444426134,0.8664746586223262,0.014993337003565796,-0.013368486310235681,0.12493968765171617,0.449877199494494
-2.6807189660126682,-0.1873063731046736,-0.2974289477063601,-0.045462335177220134,-0.12466255843308018,0.1436123269011745,0.7348967001107877,-0.2324544996934113,0.28610749012846287,0.28273935850974674
-1.1313414550525263,-0.5067615645542778,-0.3879292658191526,-2.1219433660703477,-0.5178176131094296,-0.3739923666734872,-0.6104318299017405,-0.4363274001603205,-0.3599686457777669,-0.16893221567491462
-0.581291492856272,0.6312838905604617,-0.5141930194081548,-0.004768272245781044,-0.2248847833093696,-0.5929883004179837,0.1505015303036125,-0.2505769364709578,-0.30026848259193717,0.04479502484016283
-2.8745990074552488,-0.4392919771556331,-1.1027129552559234,1.6885817950985489,-0.46630944115689615,-0.5050331516172518,0.13352291990435755,-0.2676508651633703,0.24437037410692064,-0.7390947035083444
-2.4531918745644936,3.1986335165897493,-1.702902076475698,-1.3538025293377913,-0.821679232462797,-1.6287889735788514,0.5164943592026041,0.265175330749236,0.7297790370649455,-0.43028194232043626
1.354822714519223,-1.2874610050238258,0.562302954896609,-0.4682172955484989,-0.5626629997784756,-0.15450343267721586,0.5433283734127886,-0.28739533989887434,-0.02105861447521549,0.07645829574108584
3.7015797443687233,-1.1121650863156725,0.5601888557043346,-1.4205404862965623,0.13497567525780463,-1.089258276666887,0.5144500333578983,-0.02787752677088644,-0.44552332872486416,0.41928895335377686
2.200534474087678,2.2634572046415684,-1.0052520071016933,0.1722716173560903,-1.5778527130958477,-1.167714442004046,0.98818840024757,-0.5373459222617417,-0.05756185614438396,1.107630302169651
1.0270404217085534,1.0969727146700228,-0.7093814078607542,1.6341465586442796,1.1707370667396702,0.21815717437496823,0.37010149284020594,0.9726045317507543,-0.32931133533029955,0.5606809905913545
-1.187875272794285,-0.2092647250932651,-0.5365255975193659,-1.5102711275001055,-0.5846080889587021,0.024333806203613986,-1.2404829702913927,0.16199546942578483,0.5457884129990258,0.01353128966305421
2.8741979937106903,1.1698194952873044,-2.043538195836221,-2.8672057528296624,-0.3370169990169796,-0.42430777315626494,-0.21304641850457098,-1.1284806148444544,-0.14047042657974504,-0.6371932039195929
-1.3857219217265995,0.4408309606435369,2.483114123386939,1.1336225175362127,1.790835395429725,0.7012490017601511,0.7737691977970856,0.13072007303012043,-0.585387765473798,-0.04991559281509601
4.667115867670075,-2.382946682543914,-0.7329563009769537,-0.5063976893306606,-1.0845900733346283,-0.09285680688747001,-0.2599454485957152,0.22116998030307847,-0.10136714425293032,-0.09385078728375869
-2.5149543039540045,-0.7200136489019942,-1.5467807475899116,-0.17695442899259167,0.5108916844620341,0.16676782755079828,0.17661854039444724,0.010679785173999347,0.16442706866385956,-0.5387911703084411
-1.4549436236044073,0.6315895663127877,1.1764608312868186,-0.038708486907617114,0.9796449633069225,0.904711250925548,0.06602429237445917,0.18545029977272978,0.30290278426351563,0.16108426339831192
-4.652412159073471,-0.7084880238089205,1.5043354156554298,0.9631151582901883,-0.7670409328439682,0.7748430548133035,0.5108398528031788,1.2519571332605726,-0.3898449663073024,0.03540679144392133
-2.941364279571075,0.38910643504940956,1.1855535413290887,1.0449036457462149,-1.2452643722773975,2.020688077083879,-0.45666164156008376,-0.4100142033058362,-0.2154376891523866,-0.19206902775605947
0.02620271307505405,-3.4392168257630757,0.35410093781619634,-0.35634986562739945,0.45653428655008005,-0.23500410847305706,-1.969349792199007,0.5118736379686343,-0.011700057830619106,0.03625173430249038
-1.5300232503044577,-1.1346797023902986,-0.42322074974133705,1.568287875083768,0.34496533308495286,0.4206057072340025,-0.4774314029320368,-0.6805607858547851,0.5508948177517936,0.1718867720524403
-3.985429222586249,1.1563269422057032,0.1909313316253267,-0.9157487669823547,-0.8156979105124108,-0.7538080903611641,-0.4002562189028317,1.5081429113703126,0.2801477021850439,-0.22952186569635777
7.136501361515148,1.8553580663018783,-0.04022239194125089,-2.2427634813628807,-2.2072012587425776,1.3949257388300087,0.5508951748545424,-1.2811307821334883,0.7704570206199965,2.507491150836875
-3.7729516938981162,-0.26028278335161964,-0.9329354747203851,-0.8587280893812596,1.372338376584731,-0.003494151997632651,1.2355451068569911,0.21291377626367838,-0.053541386271207365,-0.12165919863751076
-3.286070024743238,-3.069330002198175,0.2620308668930007,-0.666349971058402,0.3945015261874125,0.6034570044311544,-0.21737860099485085,-0.011217364009774685,0.018908490021993275,0.24670892803539668
-1.1277206226482066,5.5725609894504995,1.067181096194073,2.0985474996404405,0.5787612534514477,-1.4388311400717875,0.15804007903360154,1.6867728945709886,0.8209129836875286,0.8429183451429997
9.04065174504971,1.9389848156085572,2.0997319063399527,1.2841908663350354,1.0233509588237233,4.087803782252937,0.37932640045498933,1.6152859382130091,-0.09547012780781931,-0.7776159527553529
-2.5835795906599843,-1.0793989786341205,-1.1150328341259752,-0.915049497296568,0.4222329907824205,1.5860942166550311,0.006603140605051703,0.39275017059694634,0.036436220058797965,0.5614488767809749
4.98546175176835,-1.3958619989007204,-1.586438549142388,1.449656593782167,-0.3826522682676011,-1.17894752305482,-0.16942029896206545,0.6925012855239377,0.25776949074216493,0.16796341508506119
4.921409616202994,-2.8795200072785128,0.9052700555827693,-0.1191870709872197,-0.40863981787717246,0.33466324914857487,0.41018405948741365,0.2924772335367147,0.2859654838246152,0.8746558726491841
-3.0490026661507046,-0.12440290880156565,0.660202516710357,-0.3431749577245534,0.6789921158994663,-0.61139780800184,0.6945969113022477,0.22537335342884912,-0.08426408488506734,-0.4399613204862568
-3.3285656326366433,-0.5276510336181759,-0.2112739636232802,0.5909975967564299,-0.3581988897238309,-0.0746729520729673,0.37578219175294353,0.7064736021236033,-0.28644223701412536,-0.04863588875149545
-0.921140415489439,0.8916014814892882,-0.8380240450949116,-1.0655717907314028,-0.6696527187708077,1.011062541019051,-0.6157074785215413,1.2076700685128028,0.08013521559594732,-0.47394305442233176
-0.5882658048822514,-0.8818061939291646,-2.2408325621834337,2.117478723088393,-0.11798072822246936,0.026185843430449225,0.13129633461354961,0.18995447502355728,0.7400840357101508,-0.11479309219671466
-2.637009002539251,2.3046945377366526,-0.06481738381622214,-0.4471350584861849,0.1973518051811962,-0.6998610097146524,-0.10408533235268218,1.0028961474301288,-0.3675886308147515,0.0475733727291387
-3.460668243751749,1.8389041975902813,2.6506362329185875,1.118138474734445,-0.7878306494942047,0.33227162573839786,-0.3886326075251442,0.33637632945406865,0.014234665965775408,-0.5269943916708516
-1.1826096607287633,4.0054254403939105,-0.5089661067580719,-1.084439933741114,-1.5607237662916271,-1.808241986637665,0.1803882930687829,0.3949843231468397,-0.928071447153051,1.21228142957785
-4.5887074322205486,-0.197798149967277,1.5669973519068305,-0.2005730855351022,-1.9941810909098017,1.4633629585099293,0.1180123990739755,-0.023946542712777203,-0.7192806568681233,-0.5247890142322081
2.967283818431588,3.9102657193221972,-3.0465569824158156,0.15467158289371674,-0.8004531703143305,1.2806513215409805,2.011425602244681,0.432703483604072,0.18622936827345624,-0.14575247255897733
-1.3071015072661847,3.52152759619909,1.604273989871109,0.13331635065429998,-0.7200524032776207,-1.2836123423139247,0.06524161548725908,-0.6451733659079117,-0.5216304894498275,0.6965284193207573
-2.8345281872034738,-0.46675431226845243,-0.45978342457797455,-0.6757185933005972,-0.9681792450245037,-0.2591257666429674,-0.4493089862343455,-0.05805481688012175,0.11303734279533896,-0.1449864013470192
-3.4283894104671426,1.6114221823559132,2.6364346071863887,-1.0771070972565078,-1.0530999052980685,-1.2519383790324103,-1.3066170289008994,0.40750720877721686,-1.0946012333651756,-0.29160594455477507
-3.2436214464821695,0.23913753345965827,-0.5438734402539938,-0.5805977772875626,0.1478263923647794,1.493608355839744,0.1461923271801952,-0.2763952974154325,0.24719951665998363,0.3591699378689184
-4.005052846511964,-1.297179378195164,3.2242048460364114,0.2097343265738373,0.012772942491408562,0.9044944374662575,-0.2746605389406068,-0.4205432030413847,-1.014553040216005,-1.0627674913959557
2.233012779511657,0.9475604991085618,-2.003023020193227,0.7004490239517981,-0.30941999137463766,0.45261008721647317,0.6749194263769047,-0.8130859857261417,-0.07406833107010036,0.2377469381055308
-1.437487243992089,-1.5327065922299523,0.2883693412378237,0.8642746563430983,0.1617042066750918,-0.5031372130402418,-0.9193807865563235,-0.8438277566641378,-0.43028476736241367,-0.7132592326466954
4.983021566213234,-1.6309420021597836,-1.7857868908632726,0.022069053690257596,-1.6255014631917253,-0.7328615745734445,0.7806433959466944,0.35314642795894163,0.6090742613161577,0.056274476716536286
4.487075931889528,1.3150666533910154,-2.3725949253891225,0.15803696441763024,-1.395044058866812,-0.6772872106599859,0.4678250606644345,-0.3465716003344238,-0.15715023653353294,0.3856914739780033
-2.2369507179779307,0.0046367750335859,-0.4152247517867248,-0.13665509585691943,-0.7471846502253696,1.7906680683059022,-0.4490707995910316,0.05436313489709996,0.17097527287718334,-0.14259481140365007
-2.71057557786887,2.3088855368105694,0.27737499019213824,1.7292109103709712,-1.721294733619396,-1.1610635000800746,0.16310105587720483,0.06283370792191842,-0.2584880567006796,-0.32758892599008066
7.6052826114455065,-3.108594570751029,1.5313859436489494,-0.5616465649692843,0.8413379592185869,-0.1982640057023959,1.6130363571807138,0.29954376597685617,-0.43044953111105905,-0.5193465088316601
-2.770370521215902,-1.019620797980906,0.8132393733447909,1.197353867101962,0.07158955361522454,0.46075102961504344,0.371790187383324,0.6827797503604034,-0.4149763538316044,0.2640710526007823
-4.74992696426647,-0.472851186506836,1.0650210107768925,-1.7347196622473173,0.7085404955124963,0.9779336406558529,0.18710500599539476,-0.5927930265875282,-0.5424689064880286,-0.7928185709052012
-2.8604632617629986,-0.9176401444642514,-0.859333455957699,1.6947803915322948,0.12854264362355988,0.0892629347076544,0.683590996037852,0.5616294135533936,0.05974687040362576,-0.05269931842962189
-1.118256991533489,0.9577311484687756,-0.7309863038969335,-0.9381608233659552,-1.5864294281032976,-0.15687094682639366,0.1609703386702171,-0.4777892131606267,0.2634366567410829,0.8603475264287421
-1.117901853448288,-1.4043189177305344,-0.4244221633802381,-2.0278722399852094,0.3381654134644242,0.08827025768435386,-0.15352027113976138,-0.3632667416174366,0.3556037277234525,-0.16358592248649695
-3.4812735075859687,-1.1250277574546528,3.114107026403835,5.06735269928216,-1.5940237876427432,0.7799589917834904,0.9757176331400785,-0.7485717508628766,-1.6538452347639048,-0.6600074108740395
-2.952878796668587,-0.6107655382127846,-0.5860946403650926,0.4867421074930746,0.40394239008435034,-0.620821289314322,0.708360253684059,-0.2671755632537908,-0.24696535459871105,-0.5729310244353522
0.5853818449811404,0.4155457919324326,-0.5708683447166745,1.885503946106267,0.31454306631006945,-0.6488322256851055,-0.8461329648993392,-1.262844138865972,0.11942449967608783,-0.24872835199406385
2.804019305138687,0.5306443889034348,-0.6325040120566272,-0.5570578092031995,0.382390505609831,-1.1201321456559414,-0.9129593355978193,0.042878188160580206,0.756694250314926,-0.257216898078021
9.51707646569609,-5.688547194002759,-0.6256881383264974,-0.17247428472029658,-0.20094161721891154,-0.8151265936493302,-0.8557691657637099,-0.6980724818670542,-2.2248029065604937,-0.15917866887242507
-2.38066959861991,0.9850139047938207,-0.6296254113735875,-1.8051982369741706,1.0982686173856322,-0.3695493179726771,1.0700439743083259,-0.24340894550824224,-1.0165097667729068,0.5794996849962031
-2.8514222887170897,-2.7803669008327687,0.644974185950494,-0.6547406478545797,1.308897822326149,-0.36254418593447324,0.21911143354309734,-0.5058116746487433,0.2460447742272883,-0.5122975731974301
4.2126175515742235,-5.137046846691327,-0.7883176735571104,0.957076099589246,-0.18825750854569767,-0.6419998519798701,-0.1461708169315511,0.1360400400004622,-0.534034883197655,0.5907137096994292
-1.6475334937058683,-0.19052530194169562,-0.15906241977119076,0.11663397021481361,0.42375158041523836,-1.0165142620087377,0.5204292176693822,-0.21046329241752648,-0.37854891496787607,0.4372784518444294
-3.164927866973733,-1.7921110321107765,0.13469326292489556,0.014181209243389394,0.09362869503579849,-0.5074811588063927,0.15264091423222204,-0.30850349776495106,-0.7262622249349273,-0.3723235587618278
1.8251952380514878,-4.309705457633897,0.436627909007341,-0.800938287304166,0.42382478010209007,1.5846492356294861,-0.8740613160584639,0.21854385545262495,0.08668611378356766,0.6758523858500675
-3.4740137348334597,-2.543478813376269,-0.016421246978154783,0.32166054565556895,0.5594761298626538,0.14963456282484466,0.19745574076038852,-0.4917359572532008,0.030429870739661396,-0.083194358282257
2.4685743246537935,3.827978087947738,-2.969116715698509,-1.1096403891716626,-1.2310208122619848,-0.3131034497054812,0.49417017678585967,-0.06564629805274595,-0.20399593249497794,-0.4906066397989618
-2.1273693893438748,3.665284222998199,3.610910471000207,-1.6344208662516386,1.5495390904760238,-2.517698432677442,-1.0775801780944385,1.6458226401000626,0.6267749843543532,-0.3589533695503944
5.398427267972755,-0.22696361784303867,-1.6016983020167395,-1.5829098370466395,0.13449345335731397,0.4474694316942295,-0.7847101080426326,0.6314718579416759,0.3199204420997244,-1.0386571149774504
-2.3553536500718293,-0.7204594009424945,-1.3641324337489666,-2.122197833245432,0.9016308939620142,-0.8372577224537042,0.5979868117950072,0.03565024034823758,-0.5520331657015819,-0.5337868388821913
-1.8933613387294415,-3.0381488451033416,-1.0216498288218663,0.9815507666457836,1.1486071034439247,0.17970653970418574,0.12750010671860926,-0.21548287103686808,-0.1671773295007894,-0.022474517230757825
-3.2716628487475705,0.4598957592408773,-0.8830958332677892,-0.8545414315149487,-0.7614291228634092,-0.8234690975763438,-0.09840626718080324,0.9156098069571348,-0.03889087027325735,0.08001601104678965
0.3147265395567563,0.22048738694455386,-1.0071138104451653,-1.0307612686903571,0.6401795950636665,0.549416162968743,0.18041209276609105,-0.27153126015458545,0.228787408098524,0.036260394381502616
0.262311258163688,-1.5491928578057803,-0.8527331143264862,0.6787096451333541,-0.4404989332527962,-0.7725763341049451,0.0030929269724451806,-0.09399905658222003,0.3943940302996559,-0.5284260132256932
-2.0944084493778865,0.092883997980787,-1.4282484265515512,-1.2388360397081517,-0.24829390418025132,-0.6544221618037185,0.2556013109036128,-0.11869942683271169,0.40333934768438134,-0.5965839478575258
-3.8089311492002693,0.5560593590449658,0.8871551119427712,0.6006033319516596,-0.048645797718220016,-0.1856369511784744,0.4823868514313603,0.15864671521299029,0.35532840543191374,-0.2357187860585739
-0.30308981140341107,2.2286886979003997,0.02081105657129349,0.22254646132543449,1.850556895636146,-1.2664557702221946,0.07783044459925906,0.20420373539371345,0.45019026587243116,-1.1468487223600852
7.253718035269817,9.988438799365678,-3.3817006347613714,-0.16571022416505568,-2.979552397394036,3.2598162569516242,1.1390794480291473,1.6183916854803047,-1.105082233019652,-0.9855091676269012
-1.3321772027866787,1.435970197030687,-0.392958679374434,-0.9324216357680478,-1.9801590834318377,-0.12003040253138826,-1.1349652317914578,0.06598813714183552,0.18344348903506394,-0.1923199914648702
3.331982282968892,-1.5784201591555482,1.242035059177473,0.9052814985974379,-0.9657829354591623,-1.1581816299058714,-0.11142592015281835,-1.3991175141372234,0.3264279481034938,-0.93458155279365
-0.7942400490114483,-1.2725433778895077,0.36493175470260747,-2.0484380595213922,-1.150873541357357,1.0155333417996935,-0.8295985105356777,-0.2009573412787897,0.9614650379881805,0.26496430392739856
3.598022049197875,2.137963674216424,-3.966142300852026,1.101678304370139,0.16768413766838214,0.7652419305745474,0.48793209134732096,-0.35509964902964597,-0.0924966615621049,0.37731594240371813
-3.5213541024437016,-1.2066636335639298,0.9994132393981159,0.7383995562146278,-0.24056618192154447,0.1795487451975529,0.46594431236365974,0.15072622621735912,0.3918625258087775,-0.39825080312284816
2.81825843220414,3.417466415967684,-2.581848439018112,0.7877497176777877,0.14543781214237117,-0.7518870673535809,0.45018310542714357,-0.07014837279996736,0.3343285730669845,0.02038456849254503
-3.7061379029927166,-1.3094625720483708,1.7368969190388817,0.7266421504585397,-0.019556967828674183,0.2865165068835873,-0.6606444690173124,-1.694189224727972,-1.0252145261952479,-1.156003714991486
-0.7626666390847558,-2.9663453705571965,1.4864458420841715,1.1031373956880235,1.015147587575062,1.1598411620031883,-0.017750630725798244,-1.2415914670379493,-0.35350580941872023,0.10236035688418951
2.5946979951162548,-3.928690790737815,1.4140127657747599,-0.19726137158312346,1.3766919700974019,-1.0575013510802997,-0.4387590537070989,0.8744003672339457,-0.23267415848045386,0.26798715149617447
-2.3357068473517653,-1.5746777107507712,0.2318814203762805,3.1562352935356817,0.2232529427471525,-0.1476508205288766,-0.21297306343096262,-0.5352135975660087,0.3220144948219441,0.22676382868291856
-5.293751378084192,1.024911897719696,0.37367441730489337,-1.3110037609738379,-1.1863690870337629,0.29554324036390023,0.8438034804098761,0.816857023780896,-0.29058442101397947,0.07253837412479978
-1.1230343511056553,1.8953941511216028,1.7908276502111584,1.3189482925635307,3.5716717362097614,-0.012902367596522595,0.9372591313953901,0.7387075066240957,-0.9028083992431722,-0.3870887479494657
-2.135924663853697,0.010474310939304562,0.08314189613995182,-1.9191661525133998,1.005998869536352,-0.08729918156240013,0.33370249348170977,0.31480498344893976,-0.038755994526807815,6.926025073063359e-05
2.637475949488043,1.546163109193036,-0.269637026073176,0.4113052245134831,1.0668760390324583,-0.1765629675309027,-0.7713670202339107,0.19454662896798183,0.04395698063282805,-0.35898628709209873
-0.17874339096636802,1.4875187476874534,-2.192097294684704,-0.7681644028425528,0.11320707212708986,-0.5951800350104917,0.43292382971406024,0.2093303246593876,-0.020401466790044297,-0.4855563802236444
-3.4858505977855208,-0.6068233151115,0.5820972643824568,0.07250717189136571,-0.06771091726214483,-0.47452775273945963,-0.5844108560532003,0.9090347693081829,0.6540962031169651,-0.432643599520313
-0.7027619766893843,1.7410150412574783,1.0020615992255173,0.7053870826306264,1.9708642875117206,-0.49552612893420106,0.8749305985612386,0.002066098381829425,-0.45129519128017387,0.3415817008637173
5.032269479718303,-1.769461410354525,1.0925125531182616,0.6356113056086415,0.5255342787267347,-2.108491640893228,1.7597402963630555,-0.4241577547679011,0.43599409927788607,-0.5163671310372178
-0.3808362978876357,-0.7865774502486829,-1.0772304076394563,0.08389737802646763,0.30020031170338907,0.21378596050137738,-0.21040103120653178,-0.13632192159947615,-0.005300792035104042,0.5714817444369046
-2.935736137048511,-0.04257466916620684,-0.7500204717990797,-0.0015369767615274297,0.21273144475812306,0.2789863142284033,-0.14000923737245205,1.032090055153781,0.36205714589800275,-0.5199167347949889
1.8371682795520345,2.758795162292471,-1.1977610212420102,3.008093024899264,-0.586170368225033,-1.2987427881399107,0.7448065051929353,0.5260159363950425,-0.0006409451776587332,-0.03748032240717949
6.878874911477231,12.432342796691636,7.3161047657388165,-1.4697170757097917,6.379884207567453,0.1959299546984523,-1.1675281939076791,-2.5509753985452948,2.5732259710533603,0.48264683134702413
-0.5351367928915225,3.7013569983552617,2.013062221710131,-1.3074846860268643,3.2620328913120162,-1.1569293449941558,0.6562448473232682,0.19454713754367853,-0.10938335772436689,1.3896217780440234
7.158259050648471,-0.03408904160212143,1.9268097709916823,0.157237183506994,-0.7289480789614832,0.3679522920606724,0.7918652757508284,-0.6105367875446375,-0.03494389816319308,0.481351839695198
-3.2010401052364714,-2.1598057121472087,-0.036473350851000175,-1.1786648291275488,1.128443147009827,-0.15958259277473533,-0.2279071773081349,-0.35635324346866737,0.09162924368506264,0.5542896821371421
-3.3415467066577333,0.7834017625482852,1.6742950939441659,0.5461358082747985,-1.21167446858327,-0.0803957140227683,-0.5023359317278556,0.4079463004202914,0.4941861319166488,-0.06865067265578247
-2.0538859244083922,1.8575358629944212,-0.6529127993732947,0.480799764273125,-0.5952495884392872,-1.0115741469160235,-0.38175232990021135,-0.1284752777012013,0.8321347861200107,0.15374625305331416
-1.982471817466373,0.8086643255915227,0.08876964991276161,0.7220901368922256,-0.018586319143652143,0.6010279949782635,0.17246588346489497,-0.13137075778506188,0.5448096936764737,0.2831060963008481
-2.600574033038491,-0.6483369595991373,-0.5320902097371181,-0.3743059889664861,0.3800982033047344,0.0008735021060393225,0.2136083541641629,-0.4868601717931822,0.22275332124790545,0.02626538715954622
-0.34956751474679293,0.15971195217595774,-0.9530147466044581,0.017030400790757856,1.4602229085678118,0.345127201481555,0.07579438346490946,-0.6071061101128419,0.18925650389892712,0.21255218886793387
-4.18674260240875,0.20399901365633766,-0.3169523822796066,-0.5087584689390341,-0.8417658474344312,-0.11519251805227115,0.24349539066383855,-0.1965263781263354,0.4805591182448614,0.5938318695857119
0.8927761932246784,-2.342908815463378,0.6151810356393191,0.563301208650222,-1.6568481352810207,4.996584481882982,-1.2484931388734428,1.0556312361533133,-0.10002916675702465,-0.467741272896632
-2.0640932692709266,0.3751274657173575,0.02342338108675835,-1.2124570948244529,1.876960041174772,0.7265018837598556,0.5892736504693837,-0.08618190593787499,0.05443126642851378,-0.35775774775536096
-2.1828807078296966,-0.3435781836109521,-1.0739833557456708,-0.18705929830340134,-0.22796019522258648,0.3724528997537031,-0.05266838197962689,0.48284094295792496,0.5810534011247354,-0.3789079157723787
-2.2021251610789783,-0.4533956727839764,-0.4538520560981915,-0.06618807985791428,-0.797076130417505,0.9433629442856452,0.5658605943402291,0.42153818256361303,0.24089217507696256,0.6199761303144409
-0.7213086926073313,-2.4354537103658016,-1.8886889312639257,0.48183373390269674,0.6699867347396985,3.072519992128443,0.0438270517773908,1.1481445873099574,-0.10682469946904968,0.5132287375322878
-4.7270435418028525,-1.7332888934699167,0.32265977297557363,-1.518105614050177,0.39800130737491035,0.7679130120917571,-0.013819208542771598,0.10933193427025416,0.27994026143661677,0.1182054256124082
4.247169071345429,1.1215377684994299,-1.6256547275262379,1.0384614239426009,0.20986768138727702,2.545605430934837,-0.877354461532776,0.7665979156584551,0.613969821791438,-0.5099962628352368
-0.7535512775354298,-2.107328758477021,0.3221411125507489,-0.019046917496730844,-0.14790993375933892,-0.9048311055787833,-0.9120623861085502,-0.1602057259860838,-0.6618417826006514,-0.44829903921222747
-2.0159333227779364,-0.8004647044197752,2.6341161570289926,3.249793244954018,-0.9107738990589281,-0.014306722188667806,0.5133355766791996,-1.0103286423073394,0.2855441868829909,0.388516431710892
-2.996940893716811,1.1535393910307816,0.27964877206627553,0.803171623098321,-1.5394856653909328,-0.12332862587579324,-0.06724108555663566,-0.7953760885946416,-0.004494915377388303,-0.36380427016288247
1.333446115657091,0.9075206991643244,-1.6202145558671142,0.9365267812525246,0.5416145887431708,0.4490462107623419,-0.029054558348580128,0.4351386692675402,0.3961708732124158,-0.44173538285068975
-1.947236717487381,1.3183736814756029,1.139882119041889,-1.9248614610748023,-0.7305617066149115,-1.6544711668087901,-1.352369691202762,-0.8412423889463925,0.3100620457320438,0.2052918298139581
1.354940431358619,-1.788905262160793,-1.6177716861300624,-0.7160198222024211,0.15110391156867656,-0.0683509240231813,-1.0687100183957723,-0.4986307463438541,-0.09186695296323381,-0.0061878642327458854
5.10955940703959,-2.052719494730741,-0.7425180850290688,0.01938789758635851,0.3948477476113125,-1.502418990308729,-0.5081212957554249,-0.7134059124043057,-0.6357238267744926,0.15878193422026415
-4.071858740959535,2.338854124274127,-1.1924698625335157,-2.109022707225177,-1.51716560016001,-0.7459606342009524,0.19396195674453856,1.1502951018803917,0.4248101555298859,-0.43694210588451504
-0.07864245383263332,2.282703481388895,1.9921523596616715,0.41700490800950296,0.3239807793782015,-1.5605603339720964,-1.0271725472819766,-0.24469710494859995,-0.19197189599912118,0.31156535658486423
2.3032997372403905,-0.39379736032584367,-1.151262158573904,0.3200550261942939,-0.97983018359981,-0.8558746977799152,-0.7431987955866691,-0.76000332912676,0.2978633432155379,0.04000988835149668
-4.57824441590158,-2.666944434565374,1.0626087665066544,-0.249433812986185,0.18986467736973653,0.6212230619817707,0.26616162984158254,0.37112215665225223,0.19412416988154363,-0.05808175631312717
3.248176675738718,-0.9897009757330694,2.5338779437982604,0.4196294641186352,0.34599388339801956,1.3691399129804498,-0.06624722845863472,-0.040470875267020014,0.24400920594154715,0.8682975946122227
0.9975399020332885,-2.203705531136342,-1.5703942169096612,-1.1348123048634928,1.2017250401844153,0.08545433886996345,-0.4602284937975325,-0.1191147497601791,-0.42379311471021774,0.03905554533681079
-2.366544594875708,-0.7472413216049009,1.9460887535506246,0.1358881282748889,-0.7700637331753589,-0.939414286335951,0.7966471606562353,-1.856595638889994,0.32631308502362305,-0.42343969300904555
-1.3695968949274278,0.2734533911526515,0.4683290108480779,0.14592635523011782,-2.6503733482122938,1.5983419273635684,-0.7819753201031997,-0.961718700778089,1.0615394433418746,1.2536062201439058
-1.4310578351255183,1.6939242359654676,1.1542165760686036,-0.14006610297380756,-0.5944341842122424,1.2147455019745241,0.12591538607270794,0.17312819929473622,0.5882471829199861,-0.35884766515686994
0.7101398720044909,3.3497856678270024,0.4386447192543713,-0.14973483171187482,-1.5553906316166193,-2.35386467156013,-0.9197381705470542,-0.09011683683217082,0.2861106246122197,0.027916164037267564
-1.0488791439871126,-3.219066313344945,4.2141707178315,0.9485080214308216,-0.6798961645800897,-1.5734113428700953,1.6048112454380605,-1.6229087517647136,1.7187957950853106,0.29259537949372544
-1.871083962939679,0.8773627425154893,-0.05850802504498038,0.7548936052654471,-1.2657679401056756,0.10338069202390286,-0.5295817459360799,0.6121496200928364,0.41232153916434844,0.6430694350649256
-5.33682834217779,0.6071805579971541,0.624898381784976,-0.38962057609215706,-0.5025990880559683,1.4944862293874597,0.7888833364625956,0.31226777994524696,-0.4008833902466454,-0.04948683967594922
3.479599990411202,-2.2702663995303594,-1.237582270639168,0.9914506890981039,1.2471633403394524,0.17855567626277605,0.1310469211976939,0.809885459630244,-0.912337897722232,0.3198549010898913
1.585498697248853,6.474167800549622,2.0910260789253647,0.0004640459322724996,0.6959309471150035,0.9576357398069764,0.4504115947745932,-1.0213395438732815,0.5176632767674525,0.06923956543516217
2.506428630346635,4.716823944080763,-1.05218330495095,0.020663197671071675,-2.1869101249527985,5.250172597048317,-0.8451025104116129,0.004631547529953254,0.1267615653516998,-0.5976144804153695
-2.474623987745667,-2.2770828530972533,-0.3779354927915907,0.3051262496376542,1.0620267214469419,-0.139462836386031,0.6369040008066118,-0.22937157441893916,0.14479478528602482,0.22992206202624477
0.3686176163393364,1.0986025054921051,2.2776072748610217,0.4593562561319224,1.5517112312908299,1.402874330987912,0.5517542970265648,-0.03955168309410375,-1.5576515557074397,-0.025712887025479608
-3.0460097254162757,-2.0769484081631364,-0.3827278005696957,2.9389074144476015,0.7664879592266868,-0.20521153686973417,0.36343835412987946,0.6232104018698009,0.1129615294491484,0.30968203941870664
10.931978917187365,-3.856941360654502,-0.7790204862896917,-2.322319152622762,-0.4434755533920302,0.28721744509488395,-0.3820538188945358,0.3651834697170248,-1.6082712963452432,-0.46398588605325075
-0.7273737991194522,-0.0924131579618943,-0.9889874431112751,-2.530493691986388,-0.245892758713298,0.30692937555112193,-0.44024838103023306,-1.3702672638536666,-0.14325315564563945,-0.3158789317992657
8.606216622081666,-3.553897925515053,-0.12011857725183532,-1.1396361392587855,0.02342916770761653,-0.004278363838094081,0.7504691761111338,-0.15501407413615653,-1.3338405484636982,0.8900798407644332
-2.551193939622909,0.2460248463044162,1.032176771924506,-0.4697764760727046,-0.7638548807338544,-0.03934195814410267,0.07409201670478327,-1.5949392454250526,0.05168950931277273,0.4872995237344251
-1.789825761640191,-0.0903165970823581,-1.3664061321050753,-0.6992875647826465,-0.12409246345851346,1.0836330204944973,0.048272262309555,0.4129525750810874,0.010834065519118459,-0.19459180542587065
3.373200268934357,-2.104330497380466,-1.3776467965023447,4.410985227686301,0.581113432039335,-1.024006552941477,-0.020682028799002,0.3307391882480761,0.9767023310485528,1.3584470561268045
4.787012605541821,-1.5384164824228939,-1.2610922965674773,-0.00047145357748514677,-0.020325770400442828,-0.35794002197937097,-0.554116851799549,-0.5839115236590117,-0.690063973912513,-0.8751123731727732
-3.8579055189098694,1.2166417465308312,1.4137398766726401,0.9409152490315528,-1.0287942143514104,-2.3340862033788072,0.9908311355148836,0.044970316231466134,-1.103442808213032,-0.3935768599906201
-3.1163982098914498,-0.7087276146125396,-0.7825397944490604,-0.8419100672057424,0.1743725938898253,-0.1676571225539859,0.681035347241652,0.08442699072917487,0.009171098029050343,0.022571682052071534
4.02342181307464,-2.9469327649495884,1.6821346605718666,0.13031291174424867,-0.368943890590384,1.905337838276304,-0.7071625017629803,-0.7928043158601467,-0.23509353122553614,0.2859541973716119
-2.8165386262450665,-0.24013378255305987,-0.4836734490410377,0.3511530359112762,-0.5224356661772497,0.4112201217918427,-0.6380182819626182,0.2568101484297303,0.42277054608451364,0.118202071751601
4.5810340502848526,-0.9043873841097916,-0.5279259276540934,-0.8887656305438146,-0.13207188707099263,-0.928706254011474,-2.333699451884717,0.1945477192754772,-0.43265360245099843,-0.6813067619260894
12.876109221868228,2.028991698320883,6.094089710178141,-1.2961347415838391,-3.630155893103139,-0.8211469188381937,-1.769209455351044,0.7537882268642639,-1.5920646753242842,-0.24541753125546295
-2.685183678614676,0.6012459189349658,1.8042190160406528,-1.3623239052628449,1.903242950812105,-1.1397659203852932,-0.21928286364658955,-0.020060998892784117,0.07430967273508039,-1.155027906334274
9.044395138422246,-0.7405570998150452,0.11079206673369851,0.8489130253334173,0.7178325570337347,-0.507859779555108,-2.5607247678391674,-0.5691419334652187,-0.30953914559534645,0.18312077126846887
7.322779923038831,-0.19649647115551205,-2.8942199346537656,0.19470017697810157,-2.047124205481531,2.6015156654168625,-0.9750829308970373,-0.0502858428943636,-0.3816730655237469,0.6760603610609581
-3.2071380742559223,-1.09130533096308,0.2916798610966678,0.9509402161610236,0.9482209262965527,0.4954452053099056,-0.2283842490217883,0.3133367277903659,-0.5232075131663387,-0.9130432608763341
-0.05391460589338816,-0.1637270873176749,-1.5568815276284813,-1.584966951199923,0.33194444638613574,0.795523202958454,-0.35794117903425576,-0.44270240023183316,-0.6805618142919226,1.0443865911711316
2.728168846184524,-3.9467115056410673,0.014749752030557782,-0.23119098815503128,0.3617390424361061,-0.6394407649405969,-0.7403998684142591,0.2440892211500267,-0.3242214522363777,0.3601287519928824
4.438902263620058,-1.0223281222106848,1.361890646351785,0.760677517626984,-0.34712998990299554,-0.07887985377840144,-0.30796521962375356,-0.2240066386937823,-0.3646654052956636,-0.1380829677250361
5.244374253751377,-6.7442408358917145,1.56719742155836,-1.5233261672412923,-1.109108124852084,-0.7417890452977041,1.3084815587050864,0.42278064474272686,0.38419637773202076,0.08776066228023342
2.273135241081509,4.3560587094062555,1.835400833812584,-1.0568701300240941,2.298524673946872,1.3486912958874977,0.10361668179800584,-0.16249773681841168,0.5802959553729362,0.08363681356837578
-1.8613077814082801,1.4067544426752576,-0.07306530125565422,-1.5126098913260086,-2.1117869655746904,1.4828946556174483,0.08739862102404268,-1.115942570456235,0.21910188576022482,1.3428213215862885
-3.118577043190077,-1.8267890630763453,-0.6049952624553475,-0.3504569705565595,0.35978617309489147,-0.2712007681331163,0.31711247450998353,-0.23485283236138038,-0.21524082980335582,0.30687583955228764
-2.4852460736874464,-1.9861235545726466,-0.539701687092273,-2.049634176233938,1.0148646982848113,0.6040370336117398,-0.5759350909139928,0.16583169118573585,-0.18356832926364958,0.4135785097602486
1.8594366843592849,0.12301716330789478,-2.6529266895051,0.5528604888983019,-0.3418389299829573,0.5638559026725493,0.329833711436131,0.4103922839449917,-0.2815620831268911,-0.04313341455773405
-2.0167963225311416,1.7757105809519254,-1.1306304571188226,-1.1784954654437776,-0.6032782403004693,0.1778986292634338,-0.14578440988380706,0.16071781100272803,0.1460348492645503,-0.39686100262345864
3.3195129089318147,-1.190503332756056,0.8390407177332156,-0.7562864117356396,-1.2924905920866145,0.7981619411591705,0.6157512353441738,-1.3485869574739882,-0.7547286324519027,0.0893148772789063
4.276690604685314,-4.615435503271729,-0.1849636475980141,3.676118750110313,0.6440075358696842,-1.1935177556810712,0.6867248014592122,1.3288719372053068,-0.014605455111847196,-0.0801173731184192
4.674879581886941,-1.5045356162692036,-1.228941303466725,1.2383071026985515,0.4654097618491419,0.5203532193713528,-0.6250985754919341,-0.6670119379011156,-0.24024995894933354,0.600000696971862
-0.7203012275095394,-1.889597974121606,-0.26568994169488475,0.2868472435913451,0.6374690045890182,-0.8660879960168826,0.012402147598097546,-0.5973229028612057,0.17512594824292038,-0.4173134445453049
-3.039693012435765,0.300693362127926,2.1496392912196316,-1.6371975012614146,1.4328912375342484,1.736282337365286,0.43084866162932195,0.33532430918207545,0.494698573220113,-0.12852748654251558
-2.426815497016272,-0.3128771234205826,-1.4072596130819077,-0.4922072202018485,0.041349527516839464,0.9328373288532731,0.09681028861352985,-0.653630268743533,-0.06055362981165651,-0.19211590713563256
1.3275224579839104,2.1504572124245285,-0.7852472322919981,0.21863383443225037,3.6906260708474465,-0.07883722108885949,1.577706083629209,0.9710568196435486,-0.16380903027260116,-0.3852562269796175
0.3953096918810917,2.09687117655585,0.6596269578373792,-0.043711546468396055,-0.24965990100038768,0.537522578631903,-0.9245988313347517,-0.6165883519268263,0.06691880752304143,0.1396562591801
-2.584213050829531,-1.7686362796967374,0.7401959671175944,0.9417099919177916,-0.28300033733972996,0.05209901618743904,0.1392871355450086,-0.29359907411039665,-0.6224456466240649,-0.23831163187754537
-2.452685590961015,-1.1247518829502687,0.30223514756311926,1.3761982271675712,-0.02645069655450593,0.43677194701413335,-0.052130728092654774,-0.37535397244220825,0.002108025874337296,0.19456739814983476
-3.3252439469693855,-0.7907236740482239,-0.7072147819904545,-1.6956543073124986,-0.17708272625937366,-0.5989045478197269,-0.20582030736455334,-0.3411247795094051,-0.022974321808640206,0.15351438698241548
-2.1907691883554485,0.11595421112313505,0.4466953917564545,3.3970550979125527,0.6469724726821622,-0.7388279270051452,0.16123257151862552,0.20528458080718523,0.06495687869124439,0.2757625646640851
2.5357065955321243,-2.546748460048066,0.6708436056755721,0.9837698406652746,-0.3567753069129596,-1.9445186678981998,-2.427219786447984,0.4982951126596685,0.1288896571944796,-0.15411552488719113
3.518286764795706,-3.8939578016169154,-0.9260510197412545,-1.4373184662686025,0.31440098346229306,-1.0100937392276765,-0.8414091233024841,0.5278733843181994,-0.26283558919406735,-0.43759884886585537
3.51023297133361,3.952785685174545,2.1329135246569626,-0.22437218260911582,5.10344678560677,0.3805051052090113,0.6083172164521308,-0.8753977748739885,-0.7351784102490885,-0.39225879581559214
-4.04681440831569,-1.2069568545185,0.6740815937027153,-1.774154738404269,0.25304031069689475,-1.467620548558309,0.19870046919969117,-0.08400263908604536,-0.4946220265224782,0.2690611855541671
3.469133452643968,-1.7091611544180592,0.7016649642941868,1.36212935612259,-1.2955891451470902,-1.0513617676078162,0.9908391591527586,1.114828472888435,0.6573826902446516,0.582723535357454
-2.528980287067037,2.480584865310188,2.154454127140919,2.2911210293564173,-3.2476573295033977,-0.6740615616231393,-0.29567110874700925,0.16842439828176545,-0.546871126995384,-0.17354168856143526
-2.304034104377342,0.7126715647329479,1.0503462341612853,0.3720406725745741,-0.7775091070072183,-1.408353301943849,0.10207644583019135,-0.21133174760969825,-0.03954521942325243,-0.8804298819511518
-3.628874472455332,4.274886876524351,3.700282121980792,0.9196837092031983,-5.010289127896407,1.220689477659078,-0.6964237831958336,2.083309731984454,-2.3652107123292208,-0.47459267861791676
0.12568024524682547,7.088379441772396,-0.23718294043867874,1.526264869984389,0.49004147908584705,-0.6861972850344583,1.543307209574467,0.8355944694332141,-0.8418471964915624,0.507559883212781
-3.838764980027679,0.7896339268620899,2.046861515971942,1.1166235839219167,-0.8773656627807168,0.8959000092173025,-0.8343995679165516,-1.195289952904375,-0.24412215214116523,1.4520020114204457
3.3052151507861915,-3.895400438930916,-0.28079086184995544,2.050285208570148,1.2320845318758635,-1.1269818315603204,-0.06810645802506866,0.24947594469399068,-0.6219589870011494,-0.05818809417914245
-3.8301796542748168,-1.4827608342406664,-1.0260971093769955,-0.9190416720247455,0.41483710102941945,0.27148037268736197,0.9397497298039456,0.11590786131394071,-0.42786989839158884,0.5746355332302129
-0.3793584381668631,2.136884852467375,-0.9317705665013529,-0.5936133428653297,0.7779927106493199,-0.5934300400062187,0.794623699280234,0.283195721450911,-0.3423479426064224,0.18235931816509685
5.473217763076934,-4.1957801484167705,-0.5248762098352445,-0.12055611541571214,0.873514010885323,0.9678721377593893,-0.30245909490099615,0.9166954069507054,-1.0612551482812724,0.6829580390067942
1.9183217751245036,-2.4076309172304464,-1.613682483994493,-0.778656064444509,0.43162089593518443,-0.4112571373732504,-0.6083439715087593,-0.020085381611114967,-0.03632636482055551,0.33399742916637987
-2.5787146677235864,-0.40315135491484827,1.8077132193459375,0.49538496115810154,-0.3142372361239896,-2.0083134455587643,0.2527215878453842,-1.8212336278598276,-0.3674017756930903,-1.3375177091964316
1.2103110098560759,-2.385210178137925,2.538531307482464,0.20305421140030183,2.136911010074789,0.9592695867198565,-0.034790797583614766,0.17944845574231869,-0.10404372731068195,0.5611026487725823
-2.1024666946917203,-1.1784971148991603,0.5449029171654858,-0.7691402337433424,-0.21407977566409886,0.20095936941461037,-0.13749276909307961,0.41121569756034704,-0.11985899724081452,0.19284850173635693
8.735630827743744,3.207505501725401,2.698937424747545,0.5590807802512895,-1.2872008264537027,-0.6017782573928163,1.0882707918132037,-1.4621392255035626,1.0881131059716225,0.20140128864165965
-3.6325002772609007,-1.1676715994749647,0.18707708107379328,4.828897111999204,-0.2747354867671241,0.7584371467571859,0.8218006963854122,-0.03521203903701338,0.6132860153068388,1.1223617875491387
-2.0158703118843415,0.31702719680845076,-0.5976537359310353,0.4368519306262118,-0.17548524084554934,-1.3950315109051947,0.4556014634376915,0.4778696239748294,0.36712653592347355,0.45003228224259495
-2.9188962922538257,0.3559299310386713,-1.9297034032974987,-2.2431615731588552,-0.07812563452970737,-0.33603729347664524,0.011170452645549053,0.38547357792815334,0.2576781488679908,-0.434048209166583
-3.9236246742601733,-1.9606618535611111,0.7567194655159133,-0.4688158912446609,0.24097577769997972,-0.12516203728095618,-0.05069230135556858,0.5789776484110505,0.00743711484871111,-0.1696983499780556
1.9922934097823066,6.422098278157477,1.2641897879166937,-0.2599542721440516,4.160088610646413,-0.4636705044123036,-0.015562611886434135,-1.0976409367362436,0.8848098431922419,1.1883145978795442
-2.4627938550515114,-1.3684540443675512,-0.2624566781672955,-0.3886337641228875,0.5706054634188978,-0.4990401479454151,-0.05826910620941204,0.26218121910832803,0.29261122167306386,-0.3169737456070279
3.1123554688013146,-1.2884068845429355,1.2631274409471531,-0.29413637928533154,-1.1106805700951934,0.946176860294413,-0.3231133203756585,0.1316031077935148,0.08436613322032627,0.6041198674274648
-3.989912672551827,1.0496713960040438,0.1846413451724754,1.2721987483862107,1.6048705330204882,-0.5167797101782758,1.3300725595134173,0.487466129800826,-0.21907883876532097,-0.7330831075251412
-1.1942866952868298,-1.3122596141481262,-0.7750223219705494,-1.7858513512028613,0.6043176370513597,0.6432804457523322,0.044200287816927426,0.6174994752581529,-0.0507093916894918,-0.34720549757970565
1.890210934371493,-3.501127238500061,1.3349250855316217,-0.15269034990321656,0.6882144622430829,1.3735077711959087,-0.11357055069489087,-0.24410697915392554,0.11886089461352391,0.26616167509649885
-1.0583711267751748,1.3893319578005678,1.2216630210619324,3.278571774743617,0.8891150718660309,-1.929242589725116,-0.002970922581814267,-1.2106687093908273,-0.6310813205350392,-1.5540351213296992
-4.100621776417534,-1.3256806340715261,0.8998917417210279,0.22128716544042318,-0.6158562030671026,0.8168833710653278,0.24125098403050302,0.12860659658338314,-0.531290482990871,0.0168222193311392
-3.2053852949599326,1.298284257003817,-0.23062509221457794,-0.43371642973740254,-0.38956159837225307,-1.368601837283667,0.8651108542221444,0.4476327924668896,-0.5199072124366864,-0.7229321115424171
1.1672144408749279,8.06659939792756,0.26851881251166587,-2.1056684472696783,-2.1586344174599237,-3.3157646512629135,0.056151798618063596,1.497095792021209,-1.8937145744815005,0.9495191605468686
-3.120416758107444,-0.9707041650880525,-1.4560384692117363,0.5049261991226264,0.5955170009705164,0.2660504275439941,0.24871208526124505,-0.2656208447752723,0.26568656555536385,-0.16562922055741297
-1.2716192304691745,0.8309569905027138,0.9769309652223422,4.017254117663642,-1.0132013411699061,-0.4072796678054179,-0.5545046225103689,0.09431615202277288,0.41448255276306073,-0.6762159280677763
6.352126765569702,1.9217165893925656,-3.2249973820960123,-0.4753474305648529,0.18623773945610503,-1.295779762188164,-0.18234667719139927,-0.22390182408802956,-0.484816976458123,-0.5356180535908076
-0.6765852788179236,-1.5628223913995296,-0.5512083171631658,-1.6591452691819513,0.22131210265556062,0.2945211248928208,-0.8476442716572229,-0.6167102581278379,-0.18263715596416744,0.2746185720123633
-1.5165306738306006,-1.0482622493437215,-1.224766470589554,-0.5512416951082614,-0.27392680629227234,1.5176852130700638,-0.3845542748261777,0.38322911481320315,0.05303141346235479,0.34298333567839767
-0.23148403820212438,-0.12420759885129726,-3.3231005279200847,0.8378189529298703,0.17551364972852548,0.0490250473800114,0.3834963564903891,0.1735555609096357,0.5532714978101121,-0.19162322362003478
-1.9392232023895843,-1.8123376970313203,-0.24073651359826,-0.4595221566974103,-0.27510673172024686,-0.2566404518403055,-0.49610680371789845,-0.9524145375010185,-0.26721811443507465,0.4081520538688294
1.8876548632106063,0.673428069392947,-1.62086275891778,1.282962912757988,-1.329705583255514,-0.7230777435142635,-0.43424254250579847,-0.49570507526184754,0.06704273121206453,0.13380420869299908
2.6772638301719724,0.5626975473128594,-1.9582769645688285,-0.5337327272393803,1.1261475537860457,-0.5510340527699463,0.1710133827112594,-0.8434710028781087,-0.6958804003742168,-0.0840641573710321
3.314879521754915,-1.7262910895925174,0.13775435765275354,-0.1865645887425546,-1.2743637958626257,1.0453461260829464,-0.25289650936789765,-0.21930253680067438,-0.27961756043986463,0.3996616459060489
1.3293163979489375,4.777705366537852,-0.6928302086832263,0.6698586795674886,1.9816195263782954,0.2603355525326035,1.309171403256746,-0.22958359076508422,-0.2544809228117959,-0.48093915441058877
0.38565737714673537,-3.55421798584007,-2.115052230861718,-0.3315744141151798,0.9852845731417215,0.4294122511444795,-0.5686771741251375,0.17245590278083386,-0.22464854867497985,0.053222190210791824
-1.3931169933894054,-1.7199591456095664,-1.2959640011187634,-1.5194537202454783,1.7420884251484339,0.5400449519418533,0.3101193394788081,-0.05378755469578727,-0.0327540326980756,0.1634331302126528
-4.658521888174083,-1.05236288993559,-0.1277510155819387,-1.3222548829319465,0.22903090978623974,0.1717593126306811,0.7628317047343347,0.6938725566639913,-0.06646143121592575,-0.2974766850718334
8.109383796281563,2.679013996717562,5.629793638741615,1.516516171188527,0.852146202394828,2.464141327074481,1.1874957139433326,-2.95333832596157,-1.338754231107063,0.5908104308795884
2.8082178839458813,-0.41301497808241716,-1.9045381677814872,0.6127676109423345,-0.5664647998197481,1.9678963276637478,-0.7663995943692908,1.3149873923889113,0.4337721319780931,-0.7900694138734288
4.067883826729735,0.495500699632807,-2.8856662199970784,1.7964079961331367,-0.21994927809260137,0.09344951915390742,0.3275446523146144,0.40465497409039003,0.3890780284159205,-0.5695479352202278
-2.460549718063976,0.08767771126843442,-0.4101450620559946,-2.229136758016571,-0.9331198074559538,0.08064824646987641,-1.0985686266207433,-0.24937213367851443,0.6355332070031829,0.38722072456685735
-2.3958685031366684,0.9067151685833178,0.27779615480716846,0.4673177751937864,-1.282503520924345,-0.7002357410084371,0.22473057733540744,-0.8890359599556726,-0.6562081194684382,-0.6448199169889638
-1.665606040589137,0.96191327969537,-0.1171554544324841,-0.9196649638950338,-1.6719711473490761,-0.7437082778107594,-0.36837383709636307,-0.23031419893413296,0.42218945664340607,-0.0481161924548639
-3.2800505953766037,0.006219214395561344,0.39895325570943696,1.353549087329174,-1.544172545144058,0.173979322051503,0.07372259587483018,-0.07090435093191148,-0.08939346761395714,-0.6068068540577082
-1.2401936470251966,-1.5018659056988537,-0.29232968169435913,0.7791435004430534,1.5789980671701513,-0.1578052998922232,0.08170324361326237,-0.4045547707964573,-0.17339828104088695,-0.868879494682927
-0.9228823999740291,0.3969071045721299,-1.340980343410302,-2.0331860221581723,-0.27344180773642135,0.35369507679205336,-0.15330670741165964,-0.17079511698660696,0.12266858884343707,0.2752267771686194
-2.265907717116592,0.7731900547720127,-0.39526554296992916,-0.2456996326880202,-1.4887728727422664,0.09368939623059512,-0.9841560092462162,0.10685936474435143,0.8775804623807274,-0.058888000753643685
4.3950965619521565,-2.1537532584315713,0.5557207255577223,0.9723385300458519,-0.05233937394882992,1.689848257708899,-0.10649976103134014,0.38558783147101616,-0.6400800092355192,0.4292488732928573
-3.1467798607681337,-1.6087392271804901,-0.397221430248377,-0.36245631755068214,1.3458163514148946,-0.34044409359202205,0.4350947396151723,0.023219794530202804,-0.5336188106957919,-0.22249178898240352
-2.1984189828381457,-1.1973865389034681,-0.10833000746787134,-1.4030853133502748,-0.12887380552992175,-0.03791724889673356,-0.7058403340486803,-0.03381070842366234,0.557943247733049,0.009912666067622292
-0.12706015627305756,-0.12903100144727853,0.4193316670040284,0.7898235700017819,2.9355723373963203,-0.30482331449029243,-0.07205771206680973,-0.33870479003959314,0.028667011373973997,-0.3216462032351109
6.234278060212308,4.9464064285180065,0.47420391709752907,-0.7778846665344775,-0.7194608295015732,2.4476150045190836,-1.5553015312945482,0.25772027198780884,-0.3372602683310112,-1.1421428669335452
-3.7843783500346815,0.9003250508271893,0.6424209335819574,0.3505280838816187,-1.429197487397475,0.0973746728687017,0.4192143688024057,1.4204370101328154,0.006914312213378044,-0.32344921769033996
-4.966313980659456,-3.2398343407141033,0.4751392953330434,1.588298860843949,1.2230753742708977,0.712088047470887,0.4724287631727112,0.1802037904307015,-0.1542547855646522,0.04008631910941936
3.8405232503613784,2.2423747534430167,0.037445532261291416,-0.7085257532410064,1.1918921032477157,0.6677194290165162,-1.5368983492968165,0.1293066956365488,0.10709140434033515,0.18079054499361405
-0.0001329527729020938,2.2224428423958855,-2.1132172033974364,1.439819680264675,-1.737302309688151,-2.0764297962243603,-0.2586993114744407,-0.6717147912612836,0.7782016777797996,-0.4992149049554949
-3.291510623716563,2.639877358576239,-1.7455438734494098,-1.5730172863846277,-0.6997683465102587,-1.099262429780972,0.7527390993711529,0.3942954771313881,0.2240473089357488,-0.29810449565757546
4.14500838054479,2.7573303440995236,-0.7120118568728983,1.8841528123127644,0.10104846254084404,-1.701648378316581,-0.8527142042161845,-0.433862366039388,-0.47412886424617945,-0.8361001090305414
-3.372902863959781,1.2893125064923747,-0.10539289538321674,-0.12257675461063974,-2.004313642313045,-0.22855937432316464,-0.4811788925447199,-0.11269936046667739,0.3422438556486332,0.15697644807120423
4.186412491772191,0.7075076814329885,-0.9674919791481233,-0.007930711675851812,-0.6765396211261924,-0.9894774978318851,0.12852213039205132,-0.431553343961365,0.39343832582007954,-0.6131581625179717
3.825070102574565,-1.9530900754889116,-1.7238243632520514,-0.3623325138422817,-0.19722150705692382,0.14827746710237433,-1.2501348048769416,-0.19938928118536473,-0.2439103830411585,-0.14419561290460295
-2.978549881336607,1.6632580688479455,2.582629449691955,-1.15313478143492,-0.29987942834115805,0.5942044800707019,0.43743069302167537,0.28562030589141285,0.8488333859326247,0.3440226283552275
-1.9281819948408165,-0.5626996586670636,1.5329609537055298,-0.4577946906613969,1.8492701570423133,0.04231554424902734,0.027115581893143108,-0.5802198739979565,0.13334502097870554,-0.23278601418297168
3.725175798477492,-2.854131055917648,-1.690027410139093,-0.9434768535128158,0.010672181253342735,-0.186273371381184,-0.26675597423935865,0.2613421318886156,-0.0971896359235741,0.07576548990040846
-1.2022148271334243,1.5812514725326363,-1.3881738225074929,-0.1793330050811929,-0.07617381521765751,-0.5418465266600373,0.005535731896128698,-0.775217976732567,0.6883899976775362,0.9216274526004653
3.9122575794480237,-2.020543451593554,1.495265963924205,-2.8808468713101942,0.21051516991451497,-1.1986751488966383,-1.1569726189495013,0.40054318879429046,-0.15091570303254165,0.3292742569443768
6.373245719766316,-1.8309121153176722,0.3750855417274645,1.699977533647053,0.7422115669907279,-0.30809397185835763,1.3134891111644285,0.5359031258811742,-0.49763514139299553,0.7794857887437138
-2.0999651263910346,1.5515230408434595,0.11195054449403417,0.4121519258314048,0.45767177152795996,-1.6266190332792883,-0.5742251840057339,-0.2897876632995479,0.08771557882992415,-0.3808041615221658
4.968395630464872,3.0110484440282983,-1.7716198394945504,0.2800274678591275,2.8234199208677726,-0.5606758095197906,-0.3021235621724641,-0.308366788381075,0.5268711181909811,-0.34767008794713294
-0.4080286106717171,-1.3303474396712112,-0.19895884019076862,1.9819520015685304,0.10779746094310166,-0.7560382364291401,0.18436283304510542,-0.17133043105053153,0.776100892158212,-0.2597105775267517
-3.8337964446110857,0.539414866441376,-0.8595672027870608,-1.027936276289411,-1.03502004066832,-0.6010980287413715,0.47255590688199534,-0.46802187690021907,0.022386030488093157,0.4249104185706469
-0.1482948328148356,1.0466621966290253,-0.7117580323008382,-0.6232682007563581,-1.0944625435043152,-1.2032903028870976,0.8377553516984559,-1.2171263603077154,-0.2763698606512679,-0.025577714933940166
3.2873309864155202,2.5113028229472,6.823934631094562,0.5182406859912216,2.191417848714307,-4.660197625231252,-4.58347790161311,3.6690052677194656,0.07151247201400025,1.3531526047382305
-3.1626593059618453,0.6058455984385338,0.44437847047875123,-0.011346179240619135,-0.9599607388775112,-1.0266907314252376,1.3454585474864282,-0.22969603646945883,0.6296823466477915,-0.7140828600369511
-0.9235595426692425,-1.6497150686946447,-0.38248578443137365,0.627258209481019,-0.2901080696330341,-0.4668872781063708,0.11569791809214179,0.20172513716132398,0.7293167241761482,-0.49475999741936466
-2.7792466279958274,0.36413349788084665,-1.2350832450511589,-1.8906072063494865,0.03394750395705902,-0.36897075096806864,0.4101957752247534,0.29498840744383087,0.07283712453834262,-0.32681314567897873
-1.370881851337742,1.3439502212006043,-0.8036031189116694,-1.1268169366853744,-0.5308646311002018,0.14607538036533213,-0.4754284390085154,0.9559767225265438,-0.27934200367306805,-0.12979145651925375
1.3721701078681026,2.11739699693012,-1.7933385403119804,-0.09136838036465213,0.14607709186785112,0.5662589013456065,0.05973177557559776,-0.4022697511235031,-0.20909042652770893,0.11137221507068551
-2.497090803408524,3.089080465210084,1.1882023724631343,1.0811501631147853,-2.9852569410982723,-0.72499529810127,-0.41635236969505185,0.17846973317863288,0.24094524330708003,-0.9278273734210908
-1.115618275172479,-1.9551165101424581,-1.1067575865451458,-1.5176334960714206,0.42173036363943145,0.3158689828905627,-0.5413645595152875,-0.49597939418073256,-0.2178704163621938,0.14004799033790424
1.7857150679291864,2.2817914470901917,-3.14493814125042,-0.022714792116309255,-1.0404212381776217,-0.19194107769047702,-0.06175946166954176,-0.05546425522611405,0.47668676285504097,-0.11600024765741114
4.612629220197547,0.2511590246972435,-0.8987349751084207,0.8634503855027107,-1.422548128590125,-0.20249509469417395,-0.8007890095524319,-0.40258964367711236,0.4448795254467091,-0.0006347075033691405
5.967796439348457,-0.1480280749292239,1.6355503519026398,-0.7395454841964824,-1.4133061222942171,-0.7949727282354355,2.5361185202927787,0.09062298830967457,1.5577722657404052,0.33768003328849794
-2.0020515360455255,-1.0110834460628453,1.2944848529304682,1.691563972679688,0.7444501912381195,0.3768873968795131,0.2214735936006247,-0.5560926026896571,-0.36958217847029984,-0.22317760125767797
-4.6129982618190795,-1.7454181148947854,0.140520452842458,-0.1671900897606357,0.7047755239084761,-0.25169935966301754,0.8413581862827267,0.04212080321426142,-0.2369553726721332,-0.032425221040706914
-1.4223794136631154,0.13445914974385262,-0.29203512323615993,0.6026804970302637,-0.7504920516157105,-0.5307709706351991,-0.09195752809527975,-0.37542689294004783,0.44227108519985764,0.6714710875765822
2.1842699940362316,-2.837159211542224,-0.5951782083529594,0.7157772792763827,-0.31382827932056584,-0.439808104849209,-0.1528417966125855,0.31330084270674485,-0.04532207496792356,-0.23722895220275375
3.0480931679135344,-1.8796902644122178,2.5280951436244625,0.07821403845377392,-0.24791629031257031,-0.9495856898415175,-0.6907009451016114,0.1652643558428801,-0.10253995376322551,-0.44345859877158245
-2.165272724726851,1.2858956911352644,-0.8446302122455549,-0.7882424352996796,-0.023285269229927238,-0.009681719709841614,0.3742202770683985,-0.6727781164864493,0.08279342897216051,-0.5083928266077616
3.32928904822397,-0.18520287675259156,-2.899074686409956,-0.8218532403096632,-0.3298164539565119,-0.7442977918055431,-1.2363946792751281,-0.8980375490830474,0.32587352896477567,0.27351436581578414
3.4161317202868386,-3.3880747341541975,-1.882227652577649,2.1194154972062544,-0.19634725218728996,-0.6142708514455429,-0.823666339625628,0.23537715398496273,-0.4176965426828944,0.4754104447027614
-1.583715526309815,0.2925423451868045,-1.457448346174729,-1.094967078152208,1.1777170121556058,0.9893889697712583,0.16970446516425008,0.863076271195625,-0.38674593665230356,0.35432261025070116
0.3962872483191499,3.722519589344409,4.49467139714868,0.2358728221210716,0.5854030090063633,1.642391085294739,-2.4649284967994554,0.28449230620094224,1.1641289221844122,2.06743617908877
-2.894530098458384,-0.007844402432806688,-0.7672436850565346,-1.934810125455512,0.3077788971858853,-0.16976323068243718,0.49981439306289555,0.3903128523766454,-0.5439401746051729,0.0942654168406231
6.174581216493569,-2.0863336476148726,-1.5124285200716165,-0.9858341972305448,-0.24941018018351163,0.38318685442323963,-0.02063427894755767,-0.6917105835946619,-0.1852732930336957,-0.4508698102953891
-3.5239742186424614,2.5468950333813942,1.6875202425570242,0.09996409284271193,-2.8149797777550822,-1.6954312742169773,1.2253690832459034,0.6728905851822182,-0.96155935330237,0.8474703231117108
2.7258532926268377,-1.990883669969912,-0.9622836526217702,-0.4082687030547077,-0.542729983910261,-0.48692274745434905,-0.5484911276763138,-0.14089994296704444,-0.07520545026713162,0.15141525025415511
3.7821421207885044,0.7892676165291097,3.6399834174069454,-1.4738707333289625,-2.448128193605077,1.5935867536176718,-0.5770963277758533,0.29219504960590303,1.820697726301046,-1.6603248915409552
4.758889100935293,2.9681985206079746,-0.2595456407334967,0.38983833313356786,0.9635638197881488,-1.3655909885150597,0.9842934790137042,0.3713234839193569,0.42728388742649154,-0.374053562173924
-1.9340167019268528,-0.37915669862135554,-0.492644043679421,1.7615914621026327,-0.21896826713465348,-0.812415087944389,-0.2561403597958177,0.3156352978885878,0.26511880449410036,-0.2763460385452396
1.444357155745201,1.250437063605169,0.6603339440157796,-1.762976974157601,-0.35890784060684006,-0.4765330619715149,-1.285209031654651,-0.8043015808681868,-0.15092661856851416,0.7103109538623192
-2.860566673897828,-1.364179248941276,0.5931755912466448,3.132413268672827,-0.1271275265883749,-0.802468802107252,-0.5856583332342085,0.8213964933914716,0.5866913502297761,0.33824169985663605
3.275472764817301,3.29321209743304,-3.2408122790663225,0.5960534598014925,-1.4051060765510492,0.5996278623136648,-0.027964412825546934,-0.6614799948335738,0.5302108658784429,0.07255600646662357
-3.124646807915706,-1.7452520213521625,0.07008385944993438,-1.5731851214411776,0.08036910445058608,-1.0966750871254676,-0.2035128712393174,-0.09549725136491362,-0.8165503966373067,-0.4585767833194956
-2.1161782532421385,0.9065609270841656,-0.23785842083816403,-1.6858595834467194,-1.758841870779948,-0.63296582446556,-0.4765929882522161,-0.1762673137370962,0.71831651828197,0.7011396274921865
1.7582359587121084,1.4967605753458972,-1.9700737854263775,1.376596351402793,-1.1508358602746092,-1.242659538794329,0.11936422417977614,0.2877432113213964,0.7499119238043008,-0.18814052713162163
6.5640565130038375,-1.5514302184037787,0.3800167423719465,-1.1895346149742783,-0.2801310980053932,-0.871334746693684,1.1939183544458831,-0.23951778590801476,0.1891931873881826,-0.7135710113552126
4.400140295625581,4.803109249488558,-2.917769570535332,1.0544493680727605,1.266066154188436,-0.4700658589145811,0.89614123376849,-0.017051156783042438,-0.8016211475420202,-0.10358148434646486
4.092551216533717,-0.42322458538968694,1.3992100728591692,-0.5735648447544122,-0.20372950276456192,-1.075221336308665,-0.2681895697994628,-0.5050681115216367,0.22433556095097415,0.35066235967123266
-2.1215326887839003,-1.8460843076327464,-1.1729701638467138,1.1204454578898866,0.6668314072808603,0.7884604115834493,0.17444820680434522,-0.09351652866671264,0.645600483023868,0.3944820711389273
3.878050119345181,5.885684636260993,-5.019175662132073,0.7314198630213579,-0.554197253473931,-0.8734761030017342,0.8371119866875423,0.37890153373280977,0.3788090850335236,-1.2165836509983665
-2.7962660955368146,-0.3693801175893494,-0.3185693894603465,-0.7910416010889384,-0.2048083938597034,-0.6335569665995958,-0.5587830290998589,-0.022794800012615343,0.7379689798089872,-0.4846378812096719
-4.039907200931224,-0.5257587744149254,2.270300122881919,-1.263168951537529,-0.07376349184274321,0.6031892956548981,-0.052973926638990816,0.6536868444283974,-1.2300695921597593,-0.010672307087523213
-0.35915209448090385,2.2663811985151106,0.5711376689925627,0.5311884722926549,0.04983652196321083,0.7714401718664403,-0.8413893608374353,0.26593641872503015,0.40161756586678626,-0.21270166168291127
-1.9218576516048056,-0.14121707550463503,0.3844234382833956,1.0249730748068138,-0.7541601531682325,1.580102852058321,-0.4913343829080283,-0.2830405354500539,0.22330348223142552,-0.2531884418713233
-1.8218025440996901,-0.8837141047631746,-0.7960226333863997,-0.9146517792600571,-0.2543528970500359,0.9506655107475587,-0.46578123913286057,-1.0322137666427604,0.43634860323534147,0.7980726866276621
-3.4159076454838786,-0.4677851128288551,-0.10846587320023762,-0.4983639247510178,-0.09708197914446112,0.5893018109890253,-0.04188066694386805,0.462220360999945,0.5101776217067112,0.829351218902171
-4.391590462455624,-0.7149241261874292,-0.4717817354767352,0.6855701284480811,0.10405552868011377,0.02193803057338807,0.7594434975501643,-0.4080663004636884,-0.03876492048078265,0.378192091353913
4.686075952162231,-1.0049729570805679,-0.354389055233625,1.127438078536729,0.05701960407279115,0.44452692914612396,0.0662658979497872,0.8706397064449312,-0.5212944000054045,0.12530927899505825
8.36992284351603,-4.207529770766631,-0.0079929573795508,0.6499243722117537,-0.05278545790098596,-0.6102323808487866,0.6287383093914843,0.6901300741007348,0.07140151211301453,0.5654436432990539
0.4520629879782498,-2.7784716357873918,0.49196732869527365,-0.20896597670627587,-0.38925390543183913,1.617305123864257,-0.24084751039775776,0.18802922468613995,0.5714729247682178,0.8071399391362152
12.068984492022743,-7.642017708538239,10.170418124820488,-4.270227326110527,-4.545305668964868,-0.6547922954379187,4.901310149279669,1.8288999953561367,1.9797504962466501,-2.038728505230859
-3.282510229622929,-1.4283596754073957,-0.43650836941642573,-1.7609514849630543,-0.16621905982380816,0.6934451966720256,-0.1226204280334912,-0.08780197475123976,-0.3765581919593242,-0.1545442026302434
0.4304867655026152,3.468647007427572,-0.21523385040299908,1.7152884072678547,-2.1064504727713196,-2.282431972188706,-0.44688231283076213,-0.5122951718351614,-0.2226261412011789,1.2980174348194107
-2.994656349403206,-0.6165602328767158,0.32626554123002044,-0.3928959724908201,-0.7963771047690253,0.5705745277560625,0.005550434903308635,-0.03786434645310103,0.9555804109736747,0.1918014304826772
-0.4631115257934503,-0.12748242932491227,0.8818715538143621,2.0785798073474675,0.3293170837960766,-1.155973146027093,0.006322422171392876,-0.13364846143154252,-0.19914734476315382,0.41048927600139
16.090061766402613,-7.836423243899455,6.220521984264862,-1.746936052083377,-1.9219429873842575,-1.150121242567623,4.8963747357949865,0.8786731242390455,3.0955139547326787,-0.07747062559198692
-1.8251869042508044,-1.46410886117418,0.5907389008788588,4.024968442095227,-0.004647437045485279,-1.4200934753081984,0.5010032261298829,-0.4009736264242835,-0.1930020875182623,0.012608941270143684
1.2313210459767328,-1.8229637605978506,0.4824925697157029,2.0319206186750227,1.9500075275208033,-0.8443860007824803,-0.04078861195154594,0.26182513741850844,0.48172651456662496,0.4857811057282624
-3.519528196427504,0.9129111022118762,0.17892454075088343,0.27400957571175083,-0.8424928048841052,-1.7398004593546497,-0.27882884648961714,-0.45177665591137095,-0.21340584716216704,-0.5285824821788796
-4.023811939439511,-1.3016717806839386,0.6279625934668415,-0.7469508402206521,0.10535272443095572,0.947405320159154,0.41377351375545196,0.6992111631600569,0.36547070107941365,0.39175723081980646
-0.734725833453598,3.1417828598644997,1.3920875585728183,0.2968530365421605,0.6415950348104842,-0.6740156612702924,-0.21652201681524877,-0.09991016909084921,0.1859993016108405,-0.3430979505914474
-2.2001420346187306,-1.2549302013893957,-0.8522587914217878,-0.43059251616116206,0.12356279676009344,-0.18262300040100804,-0.07242858235779052,-1.1926215959509983,0.3454312647818026,0.11788025572684253
-1.207909712340684,1.09001020326429,0.11689001747934799,1.3622405760034049,-0.4167347482235403,-0.793551220820039,-0.415697301675695,-0.3114883594862134,0.5792836589441179,0.6727298694652073
1.6625430058423343,-2.093052595210434,-0.925395535217255,-0.28532174215799194,0.9549197118113172,-0.40266980779652556,-0.7410856437911019,0.5464425505642355,-0.25860103725607375,-0.4574461997011303
3.338160036814657,-2.916581869153552,3.1374141295529117,-2.520887852314388,0.26112721331017413,0.5835603965335583,-1.0059042215584273,0.7803980572397283,0.922522805841296,0.10205805153002748
1.0504307393663237,0.9465873358389632,-2.3433363927066524,0.20736498037635687,-0.5712739500083666,0.24930275544815966,0.6584940735089394,0.012255688914070825,0.21377250870210718,0.20705136859828754
-2.7538196499836274,1.1577189172481082,1.7237838533143746,0.6174845409669238,0.7102313487240489,1.6581897939993067,0.6754136157059045,-0.9535050762688062,0.31866814665490095,-0.23190786274039674
-3.396623605164679,-0.9579521669567256,-0.6295737512458295,-1.4223053942349464,0.018868105350171853,-0.6249099191469661,-0.015242834214668783,-0.1960168805299788,0.10095880274372672,-0.5576872745227817
6.535290469157463,7.879261907732093,-0.46509845090846624,2.563239297282185,1.731551081147786,3.396354936804505,0.3997138024150979,1.802206094761288,-1.8559653059932597,-1.0348295784047088
-0.5190617606585257,-0.9072415183656292,-0.2970681262932071,0.43194382374008067,1.4139667819779789,-0.1986971728444257,0.3675892577358033,-0.15517295756495625,0.085336816734808,-0.3011491861204649
-4.025311217887394,-2.471755901225324,0.5033206130378987,-1.5363737531915147,0.45314957366642183,-0.08847814013996458,0.7930567409035139,-0.27959614565166513,-0.07480822905278726,-0.10157540753761653
3.7765334077181736,1.0599517940234529,-3.8346624219858048,4.6390619487190845,-0.2896985840666986,-1.3421896483242657,0.2918522325055365,0.08151673038841308,0.41444870145327867,0.5402652777189891
3.2830457126677146,3.9305072224042616,-2.7508726555421616,-1.6389563262832014,-0.6097226382565122,-2.072470956141097,0.6146162716727229,-0.9195020421296544,-0.21703701802882833,-0.6502573332580501
4.697759109121198,-0.19148913961085817,3.6116311933218084,1.359684632812761,0.25280003206483576,-0.3555730543505958,-2.4368913973604016,-1.3092816556487779,-0.4207277465485239,0.026699831806450632
2.379211898716696,-3.7782086877909062,-0.4179051149500254,-1.1206709461127629,0.6504139209268979,0.03068866049863903,-0.19054707087529407,0.2481321015079606,-0.8364428247579585,1.0494301288837362
-2.409671907412036,0.5553780515147116,-1.091313489163758,-2.2443491593571214,-0.9973074394754782,-0.7293937688629277,-0.12900097850601,0.14025756258612002,0.21331904726735942,-0.32506380235853793
-1.5675950299705075,1.6960330188920552,0.233305707926679,1.65904649779994,-1.8668686776439603,-1.4687204626336332,0.18081121725278884,-0.4759663973013659,-0.4194322650477699,-0.1258601367633316
-0.19767082175041203,-0.7205135674034872,-2.15853362757782,-1.2154584253840317,0.6194274593756565,0.03385539963885349,0.2173256266701495,1.1282082372949085,-0.17281473435810354,-0.23516019922141407
3.043528058099728,0.7030938869184499,-3.448667224529354,-0.29116746897459495,0.3081933237970918,1.007144442218249,0.7424758684902139,0.4237095400241956,-0.694595984141593,-0.04226869584256541
-1.143786862338409,-1.6652831382843658,-0.6337357743880146,-1.794038812551386,0.5689156585147818,-0.8261210023308632,-1.4836232291785074,0.047794871147369807,0.10385289598495077,0.5979082507873758
-2.273517895311807,0.45606243301659627,0.16319780873115602,1.8315337812049277,-0.43331525172532503,0.4123322026926257,0.04783330228393116,-0.3431776264783291,0.9364426343107504,0.32038093943907464
-2.7960656222619225,-0.9843467394293341,-1.4052163716560708,-0.4615649641419305,0.16694404998237247,0.9502507477523533,-0.1146742910677979,-0.02363354192044658,0.5296220308384154,0.1819789782338926
6.212602504285469,-1.4198759463587725,2.6085371029000437,1.4690707299603378,-0.4567764459376908,0.8735994499463038,-0.8162786468104702,0.210804270118866,-0.04610452311329295,-0.32898882737342383
0.28040593288269694,-0.5189787525820337,0.5493468844844619,0.21259185023380922,0.41976575476834294,-0.33880248934663826,-1.7469542605317236,0.5344040994138185,0.5451809124969083,0.08429090488051513
7.326415721976734,-5.303537323651112,0.29710418482238743,-0.2920343167021375,-0.5988475724495904,-1.282098252978892,0.023671164753281747,0.29133929541214176,-0.15449727752544007,0.2663803081953869
-2.378063616833239,3.3966113227763066,3.350515219976863,-0.3040609768255754,-1.5160027838832681,-0.9107859130924029,-0.753024865492912,1.080531091152469,-1.8831289288082087,-0.7162556161141254
-4.450100118503358,-1.6779117958681244,-0.751077467865693,-0.8122534847797674,0.5831708696932081,0.9632414222560379,0.19692913401346987,0.008210301869127716,-0.032801609588642706,-0.13428804319361967
0.34792778753614123,-0.9372864807448371,1.6709893543730603,0.8356839847251247,0.5617934306035431,0.8110259678907338,-1.8377040790306247,0.8514700355234686,0.6923664857626796,0.39160331764434836
-4.853679210426305,-2.25891638070959,-0.06811969510752072,-0.7937598234248553,0.6571786451301078,-0.8806298358377181,0.20110308332734697,0.0777513027433294,-0.17829981165656136,-0.47316198950877414
-3.432015140118595,-2.357258655073351,0.20897231358414933,-0.8411216959466473,1.5823545470585119,1.1360570706695081,0.303685908294996,0.16994289365400256,0.06161352219262752,0.33572703330771114
-3.568629553017919,1.5646747695274235,0.6441813646886592,-0.4722352309968822,-1.7972243393324416,-0.6340393271852719,-0.5083895168813849,0.7127472758072226,0.2324426463542319,1.0519849236128551
-4.351465676343224,0.007153939226448096,-0.7921303763195796,-2.9946727298293148,-0.013148957863578998,-1.5807326171679306,0.1619162391060099,0.3135624963045373,-0.007905834360608655,-0.6009777657436056
8.707574870773989,-0.6341152247430922,0.8523785842490164,-0.3147073024511678,0.6303214468931025,-0.43811109686066496,0.2528879610279677,-0.8377019674460778,0.8010558698587171,0.5170246414630799
-0.012398775132743782,-0.27014915586471694,-2.0908688455065425,-2.9287203404579385,0.5317934361349367,-0.8782437513929564,-1.023636010822907,-0.4540320993111837,-0.1856209138226694,-0.2483446851158178
-2.1337985726885744,-0.7444321604622387,0.40014435834893847,3.03432079668311,0.7635216701542389,-0.8396561895837066,-0.39069230522982296,0.7646691836151519,0.5668543677925904,0.07935064318920773
1.3824905533777057,7.521317102987956,-0.781237043612148,-2.8687463168838323,-2.7651975411448397,-1.9009125528166326,0.9608474671649595,-1.8319324147470855,-0.3975015750752367,1.3300812632748447
-1.8582101762631866,-1.5064703871176128,1.2746989020141128,0.9575914350204903,0.810409597219247,1.3971638132916087,0.1262073446767113,0.14647366059186512,0.61493283945913,0.3345776997936876
-3.3381715616452796,-1.0466716919758126,0.25491023966166937,-0.8276405639965106,0.6394066156705654,0.6217487230340337,-0.201286830594771,0.2774659938868733,0.21630403119812316,-0.19886275649061458
-1.9685985902039507,-0.18931569099288276,-1.5289427243110227,-1.1869111765621951,0.8278862863533062,0.3176878339803061,-0.28910740870423357,0.22120062461014037,0.5359599242038382,-0.3549535612393679
-1.8946417181223383,1.701455754280751,0.2541791025166111,-1.4923711553121322,2.2476725466074363,0.12866750931284396,0.4281855927369903,0.6642095128824441,-0.5061934573708554,-0.060511643043963684
-3.6982842088684014,-1.7372612004674581,1.2984432807060662,0.08772997497294958,-0.5509983468768811,0.676371074883473,0.33260308934001165,0.3726206050974013,-0.11818740768599324,0.7297126397515599
-1.9573248283412512,1.9083022979417616,-1.9479598033373027,-1.2217129639329536,0.9911998362119246,-0.4487793820587223,1.3591629690111877,-0.251602989267632,-0.019294399760551098,0.31346132038350166
7.065207828323588,0.4550333494255876,-1.254588348999071,-1.0301715323468694,1.6725405999811513,-1.8928300374325233,0.4788115038890365,0.9446175103555805,-0.5623859365127973,-0.4634279418193881
-3.5072754899184635,1.6559053743260645,0.4964705683691099,-1.9976912117667263,-0.8995638692238459,-0.6598584335159087,-0.2238843200615944,-0.37249024362834515,0.5559007441114608,0.1126769777090411
-4.001645481286209,-0.23521084065463513,-1.1181568831420645,-2.4794113167939194,0.12325241500869263,1.7537490784835728,0.2930904195247881,0.17361807345483948,0.07436107366197765,0.20090949223676088
-4.045272200529025,-0.3596276128302039,0.4439054962396217,3.491508739839753,0.17403845395361225,-0.540848592238974,0.41897741321219173,-0.12109325808236969,0.5927244629469464,0.24637906375785826
-0.5505519884098996,1.7486441626617784,1.3725009591681376,0.4619077917559966,-1.7072760729653766,0.6119209870720377,-0.078731686730382,0.007130926614915037,0.24088835263736913,-0.2604514804117874
-4.282973202245038,-0.32075954270198065,0.4196047667466621,-0.8857817618998766,-1.6330158974208961,0.652313079702112,-0.3149321643555299,0.07148053726414688,-0.11159096067360473,0.2052589814423484
-1.7325818241513922,-0.47323029760276025,3.2911734363713694,0.37219392015984165,-0.09536500628341589,0.9470495594406805,1.0362932023702327,-0.8655264710819878,0.17657594049540432,-0.019097649771934674
-0.5223455513963967,-1.252454398701751,0.8930506046038181,1.6131213076227433,0.2641241556460346,-0.7663503023202171,-1.0565993566391394,-0.06631790366801708,0.6273649873024838,-0.2985778835426666
0.1759637463498034,-0.3854334076252128,-0.4862312031657915,1.4420517434798286,1.029938073946587,1.0835046278571427,0.276630607090024,-0.2231196030247802,-0.17407410935672116,0.48448224599903006
-1.6745794579247804,-4.48206377933533,0.9424868653504719,-1.7188138076599095,1.2150553751812154,-0.5736808728560882,0.04463512038070664,-0.30601898082133516,-0.9806173121555907,-0.6615188250220738
5.01067220043268,-1.3536600959635314,0.8052559255963119,1.6209242237407664,-0.6508523434132489,2.5563493892096805,-1.1537479630333078,-0.6997133761971398,-0.8154244569050738,-1.0114324692100125
-4.655638849402762,-2.9777841704827455,0.1287098622814926,-1.5982129670744332,1.1339496542182395,0.5175728422472935,0.46581522735544784,-0.018867872068993187,-0.45750607117318065,-0.23257823049271148
-1.8178617049141197,1.3626433340401676,-1.0002400197786276,-1.6815191241791145,-1.0841414041511306,0.7920236449358612,0.11973047538391628,0.36791736802072517,-0.5648157267276029,0.06257179546680057
0.6614144692165275,0.6491743731904686,-0.29564750379129323,1.0817709696448097,0.08359060375481976,-0.8915474484312906,-0.3843400003836863,-0.673085308277937,-0.5136059166082007,0.07806879484466323
3.6628550779971563,-1.9955594942695116,-0.7089218000338938,-1.4493602056409056,0.9382307909684726,0.27632487294164054,-1.2227728247698413,-1.4537951322493525,-1.940081213359592,0.3920222499486548
3.5982216602993033,-2.2173948842341624,-1.6887064902527127,0.7931966883226442,0.7131474010346426,1.418638908229596,-0.2122190999433136,0.5968005784089808,0.24392400569211808,0.3608030687046526
-3.141741605998819,-1.988608179075868,-0.02213605393897041,1.9800220289153023,-0.05417998342376961,-0.6252624678274032,-0.0819431776627684,-0.030741754919179184,0.5258277898610014,0.6323286360288376
1.8111794435665303,-0.27892260150348885,-1.6283990479753316,-1.2256378626007611,1.107343585419883,-0.1526850351800796,-0.47593183130196404,0.06797333864938203,-0.04683754391714924,-0.4136990395907272
2.5888652184149055,2.538059040568013,0.024030676118266873,2.215493026633581,-1.834524477932666,2.46063670622981,-0.9545397490798925,1.5809727258201045,-0.32420050535047834,-0.3616285663847773
-0.41051338166213036,0.1596579103909129,-0.5258373252736082,0.18084799761033132,1.4569878079620489,-0.7352404908423273,-0.10192944905180504,0.6723975380379795,0.7050537411096185,-0.5814637704913337
3.349294196535002,-1.385756387484526,0.7180436029219399,-0.8301370845127292,-1.0585860577443726,-0.4787923832478581,-0.33249227866791004,-0.434370832703992,-0.4519892708144527,0.0991375978272875
-1.5221993926373591,0.5439974822426844,-1.7347957360898862,-1.1622950078878997,-0.4927849444919608,0.4796683935143116,0.36228947509874376,-0.7549753044142761,-0.20171485116290833,0.45399564130010894
-0.3682520339440213,7.231415365262671,3.805656802870071,-2.3646981915166174,1.8045417769004113,-1.775245807216751,1.7305755859795036,1.8126708942436764,-1.877875660920564,3.069933110339214
-0.6866048463324795,1.7812196344129831,-0.693044061762929,0.5866767251542103,-1.0913515604985196,-1.5578428690986723,-0.3318813519794932,-0.6078493962191321,0.34857667574536205,-0.4714605109003368
-4.500653617542395,-3.0678080434826,-0.031045499197823297,-0.44454301179715244,1.4299769645567455,1.0148129415311133,0.07089923281516167,0.1962336757609876,-0.37833938810461937,0.3159353358478881
0.7282849638414638,0.42628657205622805,-2.730932012245445,0.5293928393003412,0.005962252497091259,-1.0900049006684784,0.11513781692991588,-0.1422441926288921,-0.09370037915580341,-0.5271830192855683
-3.4039252744819635,-1.3303876714966834,-0.14920956410502023,1.8045400506237017,0.04559482692557588,0.24023071397211235,-0.0809488868317094,-0.5811530760664452,0.2574056481279906,0.08679449805632729
